instant|dteday|season|yr|mnth|hr|holiday|weekday|workingday|weathersit|temp_pct|atemp_pct|hum_pct|windspeed_pct|casual|registered|total_count
8646|2012-01-01|1|1|1|0|0|0|0|1|36|37.88|66|0|5|43|48
8647|2012-01-01|1|1|1|1|0|0|0|1|36|34.85|66|13.43|15|78|93
8648|2012-01-01|1|1|1|2|0|0|0|1|32|34.85|76|0|16|59|75
8649|2012-01-01|1|1|1|3|0|0|0|1|30|33.33|81|0|11|41|52
8650|2012-01-01|1|1|1|4|0|0|0|1|28|30.3|81|8.96|0|8|8
8651|2012-01-01|1|1|1|5|0|0|0|1|28|28.79|81|10.45|0|5|5
8652|2012-01-01|1|1|1|6|0|0|0|1|26|27.27|93|13.43|1|1|2
8653|2012-01-01|1|1|1|7|0|0|0|1|26|25.76|93|16.42|1|6|7
8654|2012-01-01|1|1|1|8|0|0|0|1|26|27.27|87|10.45|4|10|14
8655|2012-01-01|1|1|1|9|0|0|0|1|26|27.27|93|10.45|13|27|40
8656|2012-01-01|1|1|1|10|0|0|0|1|30|31.82|81|10.45|18|52|70
8657|2012-01-01|1|1|1|11|0|0|0|1|34|33.33|76|13.43|40|98|138
8658|2012-01-01|1|1|1|12|0|0|0|1|40|40.91|62|28.36|58|143|201
8659|2012-01-01|1|1|1|13|0|0|0|1|42|42.42|58|28.36|82|141|223
8660|2012-01-01|1|1|1|14|0|0|0|1|44|43.94|54|29.85|120|147|267
8661|2012-01-01|1|1|1|15|0|0|0|1|46|45.45|51|29.85|101|164|265
8662|2012-01-01|1|1|1|16|0|0|0|2|44|43.94|54|29.85|68|147|215
8663|2012-01-01|1|1|1|17|0|0|0|2|48|46.97|48|16.42|36|75|111
8664|2012-01-01|1|1|1|18|0|0|0|3|46|45.45|59|25.37|25|81|106
8665|2012-01-01|1|1|1|19|0|0|0|3|42|42.42|67|38.81|20|85|105
8666|2012-01-01|1|1|1|20|0|0|0|2|44|43.94|62|29.85|25|58|83
8667|2012-01-01|1|1|1|21|0|0|0|2|44|43.94|67|25.37|10|61|71
8668|2012-01-01|1|1|1|22|0|0|0|1|46|45.45|55|41.79|13|53|66
8669|2012-01-01|1|1|1|23|0|0|0|1|44|43.94|51|29.85|4|25|29
8670|2012-01-02|1|1|1|0|1|1|0|1|40|40.91|40|46.27|8|31|39
8671|2012-01-02|1|1|1|1|1|1|0|1|36|33.33|43|41.79|1|11|12
8672|2012-01-02|1|1|1|2|1|1|0|1|36|31.82|34|44.78|1|6|7
8673|2012-01-02|1|1|1|4|1|1|0|1|28|25.76|45|32.84|0|4|4
8674|2012-01-02|1|1|1|5|1|1|0|1|28|25.76|45|32.84|1|3|4
8675|2012-01-02|1|1|1|6|1|1|0|1|26|22.73|41|38.81|0|14|14
8676|2012-01-02|1|1|1|7|1|1|0|1|24|21.21|32|38.81|0|16|16
8677|2012-01-02|1|1|1|8|1|1|0|1|24|22.73|35|25.37|2|51|53
8678|2012-01-02|1|1|1|9|1|1|0|1|24|25.76|35|0|15|53|68
8679|2012-01-02|1|1|1|10|1|1|0|1|26|24.24|35|28.36|20|89|109
8680|2012-01-02|1|1|1|11|1|1|0|1|26|21.21|35|49.25|33|142|175
8681|2012-01-02|1|1|1|12|1|1|0|1|28|27.27|36|25.37|41|161|202
8682|2012-01-02|1|1|1|13|1|1|0|1|30|27.27|36|29.85|26|150|176
8683|2012-01-02|1|1|1|14|1|1|0|1|30|27.27|36|41.79|10|141|151
8684|2012-01-02|1|1|1|15|1|1|0|1|28|24.24|38|44.78|29|139|168
8685|2012-01-02|1|1|1|16|1|1|0|1|26|22.73|35|41.79|10|144|154
8686|2012-01-02|1|1|1|17|1|1|0|1|26|22.73|35|38.81|17|136|153
8687|2012-01-02|1|1|1|18|1|1|0|1|26|24.24|33|25.37|13|113|126
8688|2012-01-02|1|1|1|19|1|1|0|1|24|22.73|38|22.39|4|89|93
8689|2012-01-02|1|1|1|20|1|1|0|1|24|22.73|41|22.39|5|83|88
8690|2012-01-02|1|1|1|21|1|1|0|2|24|21.21|41|32.84|3|63|66
8691|2012-01-02|1|1|1|22|1|1|0|2|22|21.21|44|28.36|3|36|39
8692|2012-01-02|1|1|1|23|1|1|0|1|22|21.21|44|25.37|2|32|34
8693|2012-01-03|1|1|1|0|0|2|1|1|20|19.7|51|25.37|0|13|13
8694|2012-01-03|1|1|1|1|0|2|1|1|18|18.18|55|22.39|1|5|6
8695|2012-01-03|1|1|1|2|0|2|1|1|18|16.67|51|25.37|0|3|3
8696|2012-01-03|1|1|1|3|0|2|1|1|16|13.64|55|28.36|0|2|2
8697|2012-01-03|1|1|1|4|0|2|1|1|16|15.15|55|25.37|0|5|5
8698|2012-01-03|1|1|1|5|0|2|1|1|14|13.64|54|19.4|0|12|12
8699|2012-01-03|1|1|1|6|0|2|1|1|14|12.12|59|28.36|4|81|85
8700|2012-01-03|1|1|1|7|0|2|1|1|14|12.12|59|25.37|2|168|170
8701|2012-01-03|1|1|1|8|0|2|1|1|16|13.64|55|28.36|5|349|354
8702|2012-01-03|1|1|1|9|0|2|1|1|16|13.64|50|28.36|8|145|153
8703|2012-01-03|1|1|1|10|0|2|1|1|16|12.12|47|46.27|5|55|60
8704|2012-01-03|1|1|1|11|0|2|1|1|18|13.64|37|52.24|12|63|75
8705|2012-01-03|1|1|1|12|0|2|1|1|18|13.64|37|52.24|4|70|74
8706|2012-01-03|1|1|1|13|0|2|1|1|18|12.12|34|65.67|5|68|73
8707|2012-01-03|1|1|1|14|0|2|1|1|16|12.12|43|52.24|7|72|79
8708|2012-01-03|1|1|1|15|0|2|1|1|16|12.12|37|41.79|9|68|77
8709|2012-01-03|1|1|1|16|0|2|1|1|14|9.09|39|58.21|7|129|136
8710|2012-01-03|1|1|1|17|0|2|1|1|14|10.61|26|46.27|4|241|245
8711|2012-01-03|1|1|1|18|0|2|1|1|14|9.09|26|52.24|10|214|224
8712|2012-01-03|1|1|1|19|0|2|1|1|12|9.09|28|41.79|4|152|156
8713|2012-01-03|1|1|1|20|0|2|1|1|12|12.12|33|25.37|0|115|115
8714|2012-01-03|1|1|1|21|0|2|1|1|10|10.61|36|22.39|2|66|68
8715|2012-01-03|1|1|1|22|0|2|1|1|10|10.61|46|25.37|0|33|33
8716|2012-01-03|1|1|1|23|0|2|1|1|10|7.58|46|38.81|0|18|18
8717|2012-01-04|1|1|1|0|0|3|1|1|8|6.06|42|32.84|0|9|9
8718|2012-01-04|1|1|1|1|0|3|1|1|4|3.03|38|29.85|0|3|3
8719|2012-01-04|1|1|1|2|0|3|1|1|2|1.52|34|28.36|0|1|1
8720|2012-01-04|1|1|1|3|0|3|1|1|2|1.52|34|28.36|0|1|1
8721|2012-01-04|1|1|1|4|0|3|1|1|2|4.55|41|19.4|0|2|2
8722|2012-01-04|1|1|1|5|0|3|1|1|2|4.55|41|19.4|0|14|14
8723|2012-01-04|1|1|1|6|0|3|1|1|2|4.55|41|16.42|0|59|59
8724|2012-01-04|1|1|1|7|0|3|1|1|2|4.55|44|19.4|1|151|152
8725|2012-01-04|1|1|1|8|0|3|1|1|2|6.06|44|13.43|5|310|315
8726|2012-01-04|1|1|1|9|0|3|1|1|4|6.06|45|13.43|7|173|180
8727|2012-01-04|1|1|1|10|0|3|1|1|6|10.61|45|0|7|57|64
8728|2012-01-04|1|1|1|11|0|3|1|2|8|12.12|42|8.96|6|40|46
8729|2012-01-04|1|1|1|12|0|3|1|2|10|10.61|46|19.4|9|75|84
8730|2012-01-04|1|1|1|13|0|3|1|2|14|12.12|43|25.37|9|82|91
8731|2012-01-04|1|1|1|14|0|3|1|2|14|12.12|46|25.37|6|69|75
8732|2012-01-04|1|1|1|15|0|3|1|2|18|15.15|37|32.84|9|81|90
8733|2012-01-04|1|1|1|16|0|3|1|2|18|16.67|40|28.36|8|123|131
8734|2012-01-04|1|1|1|17|0|3|1|2|20|19.7|40|19.4|9|272|281
8735|2012-01-04|1|1|1|18|0|3|1|2|20|21.21|37|13.43|9|280|289
8736|2012-01-04|1|1|1|19|0|3|1|2|20|22.73|40|10.45|2|182|184
8737|2012-01-04|1|1|1|20|0|3|1|2|20|19.7|40|19.4|2|121|123
8738|2012-01-04|1|1|1|21|0|3|1|2|20|25.76|44|0|2|88|90
8739|2012-01-04|1|1|1|22|0|3|1|2|20|22.73|47|8.96|4|48|52
8740|2012-01-04|1|1|1|23|0|3|1|2|20|22.73|44|10.45|0|32|32
8741|2012-01-05|1|1|1|0|0|4|1|2|22|22.73|47|19.4|1|13|14
8742|2012-01-05|1|1|1|1|0|4|1|1|20|22.73|51|8.96|0|5|5
8743|2012-01-05|1|1|1|2|0|4|1|1|20|22.73|51|8.96|0|4|4
8744|2012-01-05|1|1|1|3|0|4|1|1|20|25.76|61|0|0|4|4
8745|2012-01-05|1|1|1|4|0|4|1|2|20|22.73|59|8.96|0|5|5
8746|2012-01-05|1|1|1|5|0|4|1|2|20|22.73|59|8.96|0|26|26
8747|2012-01-05|1|1|1|6|0|4|1|2|20|21.21|75|13.43|0|78|78
8748|2012-01-05|1|1|1|7|0|4|1|2|20|22.73|69|8.96|3|212|215
8749|2012-01-05|1|1|1|8|0|4|1|2|20|25.76|75|0|11|377|388
8750|2012-01-05|1|1|1|9|0|4|1|2|22|27.27|69|0|7|220|227
8751|2012-01-05|1|1|1|10|0|4|1|2|24|25.76|52|8.96|5|81|86
8752|2012-01-05|1|1|1|11|0|4|1|1|30|33.33|49|0|6|78|84
8753|2012-01-05|1|1|1|12|0|4|1|1|30|28.79|49|25.37|6|114|120
8754|2012-01-05|1|1|1|13|0|4|1|1|34|30.3|42|29.85|6|112|118
8755|2012-01-05|1|1|1|14|0|4|1|1|34|31.82|39|28.36|13|104|117
8756|2012-01-05|1|1|1|15|0|4|1|1|36|33.33|34|28.36|6|113|119
8757|2012-01-05|1|1|1|16|0|4|1|1|36|33.33|34|28.36|19|178|197
8758|2012-01-05|1|1|1|17|0|4|1|2|36|34.85|34|19.4|19|393|412
8759|2012-01-05|1|1|1|18|0|4|1|1|34|33.33|36|16.42|9|374|383
8760|2012-01-05|1|1|1|19|0|4|1|1|34|34.85|34|8.96|10|255|265
8761|2012-01-05|1|1|1|20|0|4|1|1|30|33.33|49|0|5|172|177
8762|2012-01-05|1|1|1|21|0|4|1|1|26|27.27|60|13.43|9|88|97
8763|2012-01-05|1|1|1|22|0|4|1|1|26|25.76|60|16.42|1|70|71
8764|2012-01-05|1|1|1|23|0|4|1|1|24|25.76|70|10.45|4|56|60
8765|2012-01-06|1|1|1|0|0|5|1|1|22|25.76|75|8.96|1|24|25
8766|2012-01-06|1|1|1|1|0|5|1|1|22|27.27|75|0|2|6|8
8767|2012-01-06|1|1|1|2|0|5|1|1|22|22.73|69|16.42|2|3|5
8768|2012-01-06|1|1|1|3|0|5|1|1|22|24.24|69|10.45|1|3|4
8769|2012-01-06|1|1|1|4|0|5|1|1|22|22.73|69|13.43|0|3|3
8770|2012-01-06|1|1|1|5|0|5|1|2|20|21.21|80|13.43|0|13|13
8771|2012-01-06|1|1|1|6|0|5|1|2|22|24.24|73|10.45|1|69|70
8772|2012-01-06|1|1|1|7|0|5|1|2|24|28.79|65|0|4|201|205
8773|2012-01-06|1|1|1|8|0|5|1|1|24|24.24|70|13.43|11|436|447
8774|2012-01-06|1|1|1|9|0|5|1|1|24|24.24|70|16.42|4|237|241
8775|2012-01-06|1|1|1|10|0|5|1|1|26|25.76|65|19.4|14|102|116
8776|2012-01-06|1|1|1|11|0|5|1|1|30|30.3|56|16.42|8|130|138
8777|2012-01-06|1|1|1|12|0|5|1|1|36|33.33|50|25.37|23|168|191
8778|2012-01-06|1|1|1|13|0|5|1|1|40|40.91|43|28.36|16|188|204
8779|2012-01-06|1|1|1|14|0|5|1|1|46|45.45|36|19.4|26|152|178
8780|2012-01-06|1|1|1|15|0|5|1|1|52|50|27|25.37|44|178|222
8781|2012-01-06|1|1|1|16|0|5|1|1|52|50|27|28.36|35|259|294
8782|2012-01-06|1|1|1|17|0|5|1|1|46|45.45|36|22.39|20|456|476
8783|2012-01-06|1|1|1|18|0|5|1|1|50|48.48|29|25.37|28|391|419
8784|2012-01-06|1|1|1|19|0|5|1|1|46|45.45|33|28.36|11|261|272
8785|2012-01-06|1|1|1|20|0|5|1|1|42|42.42|41|19.4|14|163|177
8786|2012-01-06|1|1|1|21|0|5|1|1|40|40.91|43|22.39|17|137|154
8787|2012-01-06|1|1|1|22|0|5|1|1|36|34.85|50|19.4|12|123|135
8788|2012-01-06|1|1|1|23|0|5|1|1|36|37.88|50|0|13|88|101
8789|2012-01-07|1|1|1|0|0|6|0|1|36|34.85|50|16.42|2|77|79
8790|2012-01-07|1|1|1|1|0|6|0|1|38|39.39|46|16.42|6|56|62
8791|2012-01-07|1|1|1|2|0|6|0|1|36|36.36|50|10.45|2|36|38
8792|2012-01-07|1|1|1|3|0|6|0|1|32|33.33|57|10.45|1|19|20
8793|2012-01-07|1|1|1|4|0|6|0|1|32|33.33|57|8.96|1|9|10
8794|2012-01-07|1|1|1|5|0|6|0|1|26|27.27|75|10.45|2|7|9
8795|2012-01-07|1|1|1|6|0|6|0|1|26|27.27|75|10.45|0|7|7
8796|2012-01-07|1|1|1|7|0|6|0|1|22|22.73|87|19.4|0|20|20
8797|2012-01-07|1|1|1|8|0|6|0|1|24|25.76|75|10.45|0|64|64
8798|2012-01-07|1|1|1|9|0|6|0|1|22|22.73|80|13.43|14|116|130
8799|2012-01-07|1|1|1|10|0|6|0|1|28|30.3|75|8.96|43|160|203
8800|2012-01-07|1|1|1|11|0|6|0|1|34|31.82|57|22.39|74|250|324
8801|2012-01-07|1|1|1|12|0|6|0|1|40|40.91|43|22.39|100|276|376
8802|2012-01-07|1|1|1|13|0|6|0|1|44|43.94|44|19.4|149|296|445
8803|2012-01-07|1|1|1|14|0|6|0|1|50|48.48|42|28.36|156|356|512
8804|2012-01-07|1|1|1|15|0|6|0|1|58|54.55|37|29.85|132|317|449
8805|2012-01-07|1|1|1|16|0|6|0|2|56|53.03|37|28.36|133|268|401
8806|2012-01-07|1|1|1|17|0|6|0|2|54|51.52|43|13.43|87|235|322
8807|2012-01-07|1|1|1|18|0|6|0|1|54|51.52|45|13.43|49|248|297
8808|2012-01-07|1|1|1|19|0|6|0|1|52|50|42|10.45|44|171|215
8809|2012-01-07|1|1|1|20|0|6|0|1|50|48.48|39|25.37|21|149|170
8810|2012-01-07|1|1|1|21|0|6|0|1|44|43.94|44|22.39|22|118|140
8811|2012-01-07|1|1|1|22|0|6|0|1|44|43.94|38|25.37|16|93|109
8812|2012-01-07|1|1|1|23|0|6|0|1|42|42.42|38|22.39|16|103|119
8813|2012-01-08|1|1|1|0|0|0|0|1|38|39.39|40|28.36|14|77|91
8814|2012-01-08|1|1|1|1|0|0|0|1|34|33.33|42|19.4|10|62|72
8815|2012-01-08|1|1|1|2|0|0|0|1|36|33.33|37|28.36|10|57|67
8816|2012-01-08|1|1|1|3|0|0|0|1|34|33.33|42|13.43|6|26|32
8817|2012-01-08|1|1|1|4|0|0|0|1|32|30.3|49|25.37|2|4|6
8818|2012-01-08|1|1|1|5|0|0|0|2|32|33.33|49|10.45|0|2|2
8819|2012-01-08|1|1|1|6|0|0|0|2|30|33.33|52|0|0|2|2
8820|2012-01-08|1|1|1|7|0|0|0|2|30|33.33|52|0|1|23|24
8821|2012-01-08|1|1|1|8|0|0|0|1|30|30.3|52|13.43|4|53|57
8822|2012-01-08|1|1|1|9|0|0|0|1|32|33.33|53|13.43|23|102|125
8823|2012-01-08|1|1|1|10|0|0|0|1|34|33.33|49|16.42|27|181|208
8824|2012-01-08|1|1|1|11|0|0|0|1|36|34.85|46|22.39|55|201|256
8825|2012-01-08|1|1|1|12|0|0|0|1|38|39.39|43|22.39|78|273|351
8826|2012-01-08|1|1|1|13|0|0|0|1|40|40.91|37|29.85|77|266|343
8827|2012-01-08|1|1|1|14|0|0|0|1|40|40.91|40|19.4|75|253|328
8828|2012-01-08|1|1|1|15|0|0|0|1|40|40.91|37|28.36|89|241|330
8829|2012-01-08|1|1|1|16|0|0|0|1|40|40.91|37|29.85|58|256|314
8830|2012-01-08|1|1|1|17|0|0|0|1|38|39.39|40|22.39|22|197|219
8831|2012-01-08|1|1|1|18|0|0|0|1|34|31.82|46|22.39|19|162|181
8832|2012-01-08|1|1|1|19|0|0|0|1|32|31.82|49|19.4|8|104|112
8833|2012-01-08|1|1|1|20|0|0|0|1|30|30.3|52|16.42|7|119|126
8834|2012-01-08|1|1|1|21|0|0|0|1|28|27.27|56|22.39|10|81|91
8835|2012-01-08|1|1|1|22|0|0|0|1|26|27.27|60|10.45|4|54|58
8836|2012-01-08|1|1|1|23|0|0|0|1|26|24.24|56|25.37|0|30|30
8837|2012-01-09|1|1|1|0|0|1|1|1|24|22.73|60|22.39|3|12|15
8838|2012-01-09|1|1|1|1|0|1|1|1|24|24.24|60|13.43|1|4|5
8839|2012-01-09|1|1|1|2|0|1|1|1|24|24.24|56|13.43|2|3|5
8840|2012-01-09|1|1|1|3|0|1|1|1|24|24.24|52|16.42|0|3|3
8841|2012-01-09|1|1|1|4|0|1|1|1|22|24.24|64|10.45|0|4|4
8842|2012-01-09|1|1|1|5|0|1|1|2|20|22.73|64|8.96|0|21|21
8843|2012-01-09|1|1|1|6|0|1|1|2|22|22.73|60|13.43|3|85|88
8844|2012-01-09|1|1|1|7|0|1|1|2|22|24.24|60|10.45|1|239|240
8845|2012-01-09|1|1|1|8|0|1|1|2|22|25.76|55|8.96|13|407|420
8846|2012-01-09|1|1|1|9|0|1|1|2|22|27.27|64|0|9|188|197
8847|2012-01-09|1|1|1|10|0|1|1|1|24|28.79|60|0|13|95|108
8848|2012-01-09|1|1|1|11|0|1|1|2|26|28.79|56|8.96|6|82|88
8849|2012-01-09|1|1|1|12|0|1|1|2|26|27.27|56|10.45|10|93|103
8850|2012-01-09|1|1|1|13|0|1|1|2|26|27.27|56|10.45|3|77|80
8851|2012-01-09|1|1|1|14|0|1|1|3|22|22.73|75|16.42|5|45|50
8852|2012-01-09|1|1|1|15|0|1|1|3|22|22.73|75|16.42|5|64|69
8853|2012-01-09|1|1|1|16|0|1|1|3|22|25.76|87|8.96|3|46|49
8854|2012-01-09|1|1|1|17|0|1|1|3|22|27.27|87|0|5|147|152
8855|2012-01-09|1|1|1|18|0|1|1|4|20|22.73|86|8.96|6|158|164
8856|2012-01-09|1|1|1|19|0|1|1|3|20|22.73|93|8.96|3|187|190
8857|2012-01-09|1|1|1|20|0|1|1|2|20|22.73|86|8.96|5|127|132
8858|2012-01-09|1|1|1|21|0|1|1|2|20|25.76|93|0|1|78|79
8859|2012-01-09|1|1|1|22|0|1|1|2|20|22.73|92|10.45|8|54|62
8860|2012-01-09|1|1|1|23|0|1|1|2|22|24.24|87|10.45|1|51|52
8861|2012-01-10|1|1|1|0|0|2|1|2|22|24.24|87|10.45|0|14|14
8862|2012-01-10|1|1|1|1|0|2|1|2|22|24.24|93|10.45|2|3|5
8863|2012-01-10|1|1|1|2|0|2|1|2|22|22.73|87|16.42|2|2|4
8864|2012-01-10|1|1|1|4|0|2|1|2|20|21.21|86|16.42|0|4|4
8865|2012-01-10|1|1|1|5|0|2|1|1|40|40.91|47|22.39|0|23|23
8866|2012-01-10|1|1|1|6|0|2|1|2|18|18.18|93|19.4|0|79|79
8867|2012-01-10|1|1|1|7|0|2|1|2|18|19.7|93|16.42|3|219|222
8868|2012-01-10|1|1|1|8|0|2|1|2|18|19.7|93|16.42|6|465|471
8869|2012-01-10|1|1|1|9|0|2|1|2|18|19.7|93|16.42|11|184|195
8870|2012-01-10|1|1|1|10|0|2|1|2|18|19.7|93|16.42|3|80|83
8871|2012-01-10|1|1|1|11|0|2|1|1|42|42.42|38|29.85|8|93|101
8872|2012-01-10|1|1|1|12|0|2|1|1|42|42.42|38|29.85|13|127|140
8873|2012-01-10|1|1|1|13|0|2|1|1|42|42.42|38|29.85|15|163|178
8874|2012-01-10|1|1|1|14|0|2|1|1|42|42.42|38|29.85|10|96|106
8875|2012-01-10|1|1|1|15|0|2|1|1|42|42.42|38|29.85|17|119|136
8876|2012-01-10|1|1|1|16|0|2|1|1|42|42.42|38|35.82|15|225|240
8877|2012-01-10|1|1|1|17|0|2|1|1|42|42.42|38|25.37|14|446|460
8878|2012-01-10|1|1|1|18|0|2|1|1|40|40.91|40|10.45|13|372|385
8879|2012-01-10|1|1|1|19|0|2|1|1|38|39.39|46|10.45|11|270|281
8880|2012-01-10|1|1|1|20|0|2|1|1|34|34.85|53|10.45|10|190|200
8881|2012-01-10|1|1|1|21|0|2|1|1|32|33.33|66|8.96|7|109|116
8882|2012-01-10|1|1|1|22|0|2|1|1|30|30.3|70|8.96|10|104|114
8883|2012-01-10|1|1|1|23|0|2|1|1|26|27.27|81|10.45|3|38|41
8884|2012-01-11|1|1|1|0|0|3|1|1|26|30.3|81|0|2|26|28
8885|2012-01-11|1|1|1|1|0|3|1|1|24|25.76|87|8.96|1|6|7
8886|2012-01-11|1|1|1|2|0|3|1|1|20|21.21|85|16.42|0|5|5
8887|2012-01-11|1|1|1|3|0|3|1|1|22|27.27|80|0|0|4|4
8888|2012-01-11|1|1|1|4|0|3|1|1|20|21.21|80|13.43|0|2|2
8889|2012-01-11|1|1|1|5|0|3|1|1|20|21.21|80|13.43|0|22|22
8890|2012-01-11|1|1|1|6|0|3|1|1|20|21.21|86|13.43|2|72|74
8891|2012-01-11|1|1|1|7|0|3|1|1|20|21.21|80|13.43|9|247|256
8892|2012-01-11|1|1|1|8|0|3|1|1|20|22.73|82|10.45|11|488|499
8893|2012-01-11|1|1|1|9|0|3|1|2|20|21.21|86|13.43|7|218|225
8894|2012-01-11|1|1|1|10|0|3|1|2|24|24.24|87|13.43|13|84|97
8895|2012-01-11|1|1|1|11|0|3|1|2|26|28.79|87|8.96|9|90|99
8896|2012-01-11|1|1|1|12|0|3|1|3|30|33.33|81|0|4|51|55
8897|2012-01-11|1|1|1|13|0|3|1|3|32|34.85|76|0|8|57|65
8898|2012-01-11|1|1|1|14|0|3|1|3|32|33.33|81|10.45|3|70|73
8899|2012-01-11|1|1|1|15|0|3|1|2|34|34.85|87|8.96|6|73|79
8900|2012-01-11|1|1|1|16|0|3|1|2|34|31.82|87|25.37|6|112|118
8901|2012-01-11|1|1|1|17|0|3|1|3|34|31.82|87|22.39|6|128|134
8902|2012-01-11|1|1|1|18|0|3|1|3|34|33.33|87|19.4|2|96|98
8903|2012-01-11|1|1|1|19|0|3|1|3|32|30.3|93|22.39|1|92|93
8904|2012-01-11|1|1|1|20|0|3|1|3|32|31.82|93|16.42|2|55|57
8905|2012-01-11|1|1|1|21|0|3|1|3|34|31.82|87|22.39|0|29|29
8906|2012-01-11|1|1|1|22|0|3|1|3|34|33.33|87|19.4|0|49|49
8907|2012-01-11|1|1|1|23|0|3|1|3|34|31.82|87|22.39|0|9|9
8908|2012-01-12|1|1|1|0|0|4|1|3|34|33.33|93|19.4|0|3|3
8909|2012-01-12|1|1|1|1|0|4|1|3|36|34.85|93|19.4|0|3|3
8910|2012-01-12|1|1|1|2|0|4|1|3|36|34.85|93|25.37|1|1|2
8911|2012-01-12|1|1|1|3|0|4|1|3|36|34.85|93|25.37|0|3|3
8912|2012-01-12|1|1|1|4|0|4|1|3|36|34.85|93|19.4|0|2|2
8913|2012-01-12|1|1|1|5|0|4|1|3|34|34.85|93|8.96|0|16|16
8914|2012-01-12|1|1|1|6|0|4|1|3|36|34.85|93|13.43|1|88|89
8915|2012-01-12|1|1|1|7|0|4|1|2|34|31.82|87|28.36|2|218|220
8916|2012-01-12|1|1|1|8|0|4|1|1|32|31.82|81|19.4|11|497|508
8917|2012-01-12|1|1|1|9|0|4|1|1|32|33.33|81|10.45|10|220|230
8918|2012-01-12|1|1|1|10|0|4|1|1|34|34.85|81|10.45|6|84|90
8919|2012-01-12|1|1|1|11|0|4|1|2|34|34.85|81|10.45|18|101|119
8920|2012-01-12|1|1|1|12|0|4|1|2|34|34.85|81|10.45|14|130|144
8921|2012-01-12|1|1|1|13|0|4|1|1|42|42.42|77|16.42|13|170|183
8922|2012-01-12|1|1|1|14|0|4|1|1|42|42.42|77|16.42|24|132|156
8923|2012-01-12|1|1|1|15|0|4|1|1|44|43.94|72|13.43|32|156|188
8924|2012-01-12|1|1|1|16|0|4|1|1|46|45.45|67|19.4|33|248|281
8925|2012-01-12|1|1|1|17|0|4|1|1|46|45.45|63|16.42|23|472|495
8926|2012-01-12|1|1|1|18|0|4|1|1|44|43.94|67|19.4|22|399|421
8927|2012-01-12|1|1|1|19|0|4|1|2|42|42.42|71|16.42|17|313|330
8928|2012-01-12|1|1|1|20|0|4|1|2|42|42.42|71|19.4|11|229|240
8929|2012-01-12|1|1|1|21|0|4|1|1|44|43.94|67|13.43|12|162|174
8930|2012-01-12|1|1|1|22|0|4|1|1|38|39.39|76|29.85|12|121|133
8931|2012-01-12|1|1|1|23|0|4|1|1|40|40.91|76|32.84|7|60|67
8932|2012-01-13|1|1|1|0|0|5|1|2|40|40.91|71|28.36|4|38|42
8933|2012-01-13|1|1|1|1|0|5|1|2|38|39.39|76|29.85|0|12|12
8934|2012-01-13|1|1|1|2|0|5|1|1|40|40.91|76|35.82|1|13|14
8935|2012-01-13|1|1|1|3|0|5|1|1|36|33.33|87|25.37|3|4|7
8936|2012-01-13|1|1|1|4|0|5|1|3|32|28.79|70|49.25|1|2|3
8937|2012-01-13|1|1|1|5|0|5|1|2|30|24.24|70|55.22|0|21|21
8938|2012-01-13|1|1|1|6|0|5|1|2|26|25.76|75|22.39|2|71|73
8939|2012-01-13|1|1|1|7|0|5|1|1|26|25.76|60|22.39|3|174|177
8940|2012-01-13|1|1|1|8|0|5|1|1|24|21.21|52|35.82|11|408|419
8941|2012-01-13|1|1|1|9|0|5|1|1|22|19.7|47|38.81|10|204|214
8942|2012-01-13|1|1|1|10|0|5|1|1|24|19.7|44|44.78|2|101|103
8943|2012-01-13|1|1|1|11|0|5|1|1|24|18.18|38|61.19|12|102|114
8944|2012-01-13|1|1|1|12|0|5|1|1|24|19.7|38|49.25|14|140|154
8945|2012-01-13|1|1|1|13|0|5|1|1|26|21.21|33|52.24|14|140|154
8946|2012-01-13|1|1|1|14|0|5|1|1|26|21.21|33|55.22|10|119|129
8947|2012-01-13|1|1|1|15|0|5|1|1|26|21.21|33|58.21|15|123|138
8948|2012-01-13|1|1|1|16|0|5|1|1|28|24.24|30|46.27|18|215|233
8949|2012-01-13|1|1|1|17|0|5|1|1|28|24.24|33|41.79|15|317|332
8950|2012-01-13|1|1|1|18|0|5|1|1|26|22.73|38|29.85|7|294|301
8951|2012-01-13|1|1|1|19|0|5|1|1|26|24.24|38|28.36|7|199|206
8952|2012-01-13|1|1|1|20|0|5|1|1|24|24.24|41|16.42|6|130|136
8953|2012-01-13|1|1|1|21|0|5|1|1|24|21.21|41|28.36|7|95|102
8954|2012-01-13|1|1|1|22|0|5|1|1|20|18.18|47|32.84|7|58|65
8955|2012-01-13|1|1|1|23|0|5|1|1|18|18.18|47|19.4|5|60|65
8956|2012-01-14|1|1|1|0|0|6|0|1|16|18.18|47|10.45|2|42|44
8957|2012-01-14|1|1|1|1|0|6|0|1|16|15.15|47|19.4|6|44|50
8958|2012-01-14|1|1|1|2|0|6|0|1|16|16.67|47|16.42|6|32|38
8959|2012-01-14|1|1|1|3|0|6|0|1|14|16.67|54|10.45|6|14|20
8960|2012-01-14|1|1|1|4|0|6|0|1|14|15.15|50|13.43|0|3|3
8961|2012-01-14|1|1|1|5|0|6|0|1|14|15.15|50|13.43|0|4|4
8962|2012-01-14|1|1|1|6|0|6|0|1|14|15.15|50|0|0|5|5
8963|2012-01-14|1|1|1|7|0|6|0|1|14|15.15|50|13.43|0|24|24
8964|2012-01-14|1|1|1|8|0|6|0|1|12|15.15|54|10.45|3|89|92
8965|2012-01-14|1|1|1|9|0|6|0|1|14|16.67|50|10.45|3|78|81
8966|2012-01-14|1|1|1|10|0|6|0|1|16|22.73|47|0|14|135|149
8967|2012-01-14|1|1|1|11|0|6|0|1|20|19.7|40|19.4|28|150|178
8968|2012-01-14|1|1|1|12|0|6|0|1|22|21.21|41|25.37|30|189|219
8969|2012-01-14|1|1|1|13|0|6|0|1|22|21.21|44|28.36|38|182|220
8970|2012-01-14|1|1|1|14|0|6|0|1|24|21.21|41|29.85|52|179|231
8971|2012-01-14|1|1|1|15|0|6|0|1|24|21.21|38|29.85|49|177|226
8972|2012-01-14|1|1|1|16|0|6|0|1|24|22.73|38|22.39|28|178|206
8973|2012-01-14|1|1|1|17|0|6|0|1|24|22.73|41|25.37|15|129|144
8974|2012-01-14|1|1|1|18|0|6|0|1|22|22.73|41|19.4|21|122|143
8975|2012-01-14|1|1|1|19|0|6|0|1|20|19.7|47|22.39|12|90|102
8976|2012-01-14|1|1|1|20|0|6|0|1|20|19.7|44|25.37|8|95|103
8977|2012-01-14|1|1|1|21|0|6|0|1|18|16.67|43|25.37|3|66|69
8978|2012-01-14|1|1|1|22|0|6|0|1|16|13.64|47|35.82|4|62|66
8979|2012-01-14|1|1|1|23|0|6|0|1|16|15.15|47|22.39|5|71|76
8980|2012-01-15|1|1|1|0|0|0|0|1|16|13.64|47|32.84|9|50|59
8981|2012-01-15|1|1|1|1|0|0|0|2|16|13.64|47|29.85|2|40|42
8982|2012-01-15|1|1|1|2|0|0|0|2|16|13.64|47|28.36|5|38|43
8983|2012-01-15|1|1|1|3|0|0|0|2|16|13.64|48|38.81|1|24|25
8984|2012-01-15|1|1|1|4|0|0|0|2|16|13.64|47|38.81|1|5|6
8985|2012-01-15|1|1|1|5|0|0|0|2|16|13.64|47|32.84|0|5|5
8986|2012-01-15|1|1|1|6|0|0|0|2|14|12.12|50|28.36|1|7|8
8987|2012-01-15|1|1|1|7|0|0|0|1|12|12.12|54|28.36|3|14|17
8988|2012-01-15|1|1|1|8|0|0|0|1|12|12.12|54|22.39|2|34|36
8989|2012-01-15|1|1|1|9|0|0|0|1|12|13.64|54|19.4|10|80|90
8990|2012-01-15|1|1|1|10|0|0|0|1|14|12.12|54|28.36|11|115|126
8991|2012-01-15|1|1|1|11|0|0|0|1|16|15.15|47|22.39|21|144|165
8992|2012-01-15|1|1|1|12|0|0|0|1|18|16.67|40|29.85|42|192|234
8993|2012-01-15|1|1|1|13|0|0|0|1|20|18.18|34|28.36|40|184|224
8994|2012-01-15|1|1|1|14|0|0|0|1|20|18.18|32|35.82|25|163|188
8995|2012-01-15|1|1|1|15|0|0|0|1|22|22.73|27|19.4|33|173|206
8996|2012-01-15|1|1|1|16|0|0|0|1|22|21.21|29|29.85|31|174|205
8997|2012-01-15|1|1|1|17|0|0|0|1|22|21.21|25|25.37|15|131|146
8998|2012-01-15|1|1|1|18|0|0|0|1|18|18.18|29|22.39|7|113|120
8999|2012-01-15|1|1|1|19|0|0|0|1|16|16.67|37|16.42|9|101|110
9000|2012-01-15|1|1|1|20|0|0|0|1|16|18.18|37|10.45|10|85|95
9001|2012-01-15|1|1|1|21|0|0|0|1|16|16.67|40|16.42|1|71|72
9002|2012-01-15|1|1|1|22|0|0|0|1|18|21.21|37|8.96|2|58|60
9003|2012-01-15|1|1|1|23|0|0|0|1|16|19.7|43|8.96|3|26|29
9004|2012-01-16|1|1|1|0|1|1|0|1|14|15.15|46|13.43|2|23|25
9005|2012-01-16|1|1|1|1|1|1|0|1|14|16.67|43|10.45|2|18|20
9006|2012-01-16|1|1|1|2|1|1|0|1|14|21.21|46|0|3|14|17
9007|2012-01-16|1|1|1|3|1|1|0|1|12|19.7|50|0|0|3|3
9008|2012-01-16|1|1|1|4|1|1|0|1|12|15.15|58|10.45|2|6|8
9009|2012-01-16|1|1|1|5|1|1|0|1|12|16.67|54|8.96|1|5|6
9010|2012-01-16|1|1|1|6|1|1|0|1|10|13.64|54|8.96|0|13|13
9011|2012-01-16|1|1|1|7|1|1|0|1|10|13.64|54|10.45|5|28|33
9012|2012-01-16|1|1|1|8|1|1|0|1|10|12.12|58|16.42|3|75|78
9013|2012-01-16|1|1|1|9|1|1|0|1|10|12.12|58|16.42|7|89|96
9014|2012-01-16|1|1|1|10|1|1|0|2|14|13.64|59|19.4|19|107|126
9015|2012-01-16|1|1|1|11|1|1|0|1|16|15.15|59|25.37|21|158|179
9016|2012-01-16|1|1|1|12|1|1|0|1|20|18.18|55|32.84|20|165|185
9017|2012-01-16|1|1|1|13|1|1|0|2|24|19.7|41|41.79|26|202|228
9018|2012-01-16|1|1|1|14|1|1|0|1|24|21.21|44|38.81|23|158|181
9019|2012-01-16|1|1|1|15|1|1|0|1|26|21.21|44|44.78|17|175|192
9020|2012-01-16|1|1|1|16|1|1|0|1|26|22.73|44|35.82|22|158|180
9021|2012-01-16|1|1|1|17|1|1|0|1|26|22.73|48|32.84|19|174|193
9022|2012-01-16|1|1|1|18|1|1|0|1|26|22.73|52|32.84|6|175|181
9023|2012-01-16|1|1|1|19|1|1|0|1|26|24.24|56|28.36|10|134|144
9024|2012-01-16|1|1|1|20|1|1|0|1|26|24.24|60|28.36|2|88|90
9025|2012-01-16|1|1|1|21|1|1|0|1|28|25.76|52|32.84|3|46|49
9026|2012-01-16|1|1|1|22|1|1|0|2|30|27.27|49|35.82|4|39|43
9027|2012-01-16|1|1|1|23|1|1|0|3|26|22.73|70|29.85|0|28|28
9028|2012-01-17|1|1|1|0|0|2|1|2|26|22.73|70|32.84|0|12|12
9029|2012-01-17|1|1|1|1|0|2|1|2|28|25.76|65|35.82|0|2|2
9030|2012-01-17|1|1|1|2|0|2|1|3|28|27.27|75|25.37|0|12|12
9031|2012-01-17|1|1|1|4|0|2|1|3|32|30.3|66|32.84|0|2|2
9032|2012-01-17|1|1|1|5|0|2|1|3|32|30.3|66|32.84|0|13|13
9033|2012-01-17|1|1|1|6|0|2|1|3|30|28.79|75|25.37|0|57|57
9034|2012-01-17|1|1|1|7|0|2|1|3|30|28.79|81|22.39|5|121|126
9035|2012-01-17|1|1|1|8|0|2|1|3|30|28.79|81|28.36|3|90|93
9036|2012-01-17|1|1|1|9|0|2|1|3|32|30.3|81|25.37|7|61|68
9037|2012-01-17|1|1|1|10|0|2|1|3|30|28.79|87|25.37|1|61|62
9038|2012-01-17|1|1|1|11|0|2|1|2|34|34.85|87|10.45|2|73|75
9039|2012-01-17|1|1|1|12|0|2|1|2|32|30.3|87|28.36|3|83|86
9040|2012-01-17|1|1|1|13|0|2|1|2|38|39.39|76|32.84|8|95|103
9041|2012-01-17|1|1|1|14|0|2|1|1|44|43.94|62|49.25|12|120|132
9042|2012-01-17|1|1|1|15|0|2|1|1|44|43.94|62|49.25|6|123|129
9043|2012-01-17|1|1|1|16|0|2|1|1|46|45.45|63|55.22|14|205|219
9044|2012-01-17|1|1|1|17|0|2|1|1|46|45.45|63|44.78|20|442|462
9045|2012-01-17|1|1|1|18|0|2|1|1|46|45.45|63|44.78|12|451|463
9046|2012-01-17|1|1|1|19|0|2|1|1|46|45.45|63|41.79|11|297|308
9047|2012-01-17|1|1|1|20|0|2|1|1|46|45.45|63|35.82|11|169|180
9048|2012-01-17|1|1|1|21|0|2|1|1|46|45.45|67|46.27|6|174|180
9049|2012-01-17|1|1|1|22|0|2|1|1|46|45.45|72|38.81|5|85|90
9050|2012-01-17|1|1|1|23|0|2|1|1|46|45.45|72|38.81|1|60|61
9051|2012-01-18|1|1|1|0|0|3|1|2|46|45.45|77|32.84|3|14|17
9052|2012-01-18|1|1|1|1|0|3|1|2|46|45.45|77|32.84|0|10|10
9053|2012-01-18|1|1|1|2|0|3|1|2|44|43.94|51|49.25|1|1|2
9054|2012-01-18|1|1|1|3|0|3|1|2|44|43.94|51|49.25|1|3|4
9055|2012-01-18|1|1|1|4|0|3|1|1|34|28.79|46|52.24|0|1|1
9056|2012-01-18|1|1|1|5|0|3|1|1|34|28.79|46|52.24|0|29|29
9057|2012-01-18|1|1|1|6|0|3|1|1|34|28.79|36|52.24|0|88|88
9058|2012-01-18|1|1|1|7|0|3|1|1|32|28.79|42|35.82|1|262|263
9059|2012-01-18|1|1|1|8|0|3|1|1|30|27.27|52|41.79|15|474|489
9060|2012-01-18|1|1|1|9|0|3|1|1|28|25.76|52|32.84|6|196|202
9061|2012-01-18|1|1|1|10|0|3|1|1|30|27.27|42|46.27|5|88|93
9062|2012-01-18|1|1|1|11|0|3|1|1|30|27.27|42|38.81|4|110|114
9063|2012-01-18|1|1|1|12|0|3|1|1|30|25.76|39|49.25|6|155|161
9064|2012-01-18|1|1|1|13|0|3|1|1|30|27.27|42|46.27|6|124|130
9065|2012-01-18|1|1|1|14|0|3|1|1|30|27.27|33|38.81|7|98|105
9066|2012-01-18|1|1|1|15|0|3|1|1|30|25.76|33|52.24|8|122|130
9067|2012-01-18|1|1|1|16|0|3|1|1|28|22.73|30|52.24|13|163|176
9068|2012-01-18|1|1|1|17|0|3|1|1|26|21.21|33|44.78|8|338|346
9069|2012-01-18|1|1|1|18|0|3|1|1|24|21.21|32|35.82|8|347|355
9070|2012-01-18|1|1|1|19|0|3|1|1|22|19.7|37|38.81|5|251|256
9071|2012-01-18|1|1|1|20|0|3|1|1|22|21.21|37|25.37|1|164|165
9072|2012-01-18|1|1|1|21|0|3|1|1|20|16.67|40|41.79|5|119|124
9073|2012-01-18|1|1|1|22|0|3|1|1|18|16.67|47|25.37|4|74|78
9074|2012-01-18|1|1|1|23|0|3|1|1|16|13.64|47|29.85|2|36|38
9075|2012-01-19|1|1|1|0|0|4|1|1|14|13.64|50|19.4|0|16|16
9076|2012-01-19|1|1|1|1|0|4|1|1|14|15.15|50|16.42|0|5|5
9077|2012-01-19|1|1|1|2|0|4|1|1|14|15.15|50|13.43|0|3|3
9078|2012-01-19|1|1|1|3|0|4|1|1|12|15.15|54|10.45|0|4|4
9079|2012-01-19|1|1|1|4|0|4|1|1|12|15.15|54|10.45|0|1|1
9080|2012-01-19|1|1|1|5|0|4|1|1|12|12.12|55|25.37|0|19|19
9081|2012-01-19|1|1|1|6|0|4|1|1|12|13.64|54|16.42|0|86|86
9082|2012-01-19|1|1|1|7|0|4|1|1|12|16.67|54|8.96|2|204|206
9083|2012-01-19|1|1|1|8|0|4|1|1|12|15.15|54|10.45|9|414|423
9084|2012-01-19|1|1|1|9|0|4|1|1|12|19.7|54|0|6|204|210
9085|2012-01-19|1|1|1|10|0|4|1|1|14|21.21|59|0|10|98|108
9086|2012-01-19|1|1|1|11|0|4|1|1|16|16.67|55|16.42|6|93|99
9087|2012-01-19|1|1|1|12|0|4|1|1|20|19.7|51|19.4|5|106|111
9088|2012-01-19|1|1|1|13|0|4|1|1|22|21.21|47|28.36|6|118|124
9089|2012-01-19|1|1|1|14|0|4|1|1|24|22.73|44|19.4|15|104|119
9090|2012-01-19|1|1|1|15|0|4|1|1|26|22.73|44|29.85|9|118|127
9091|2012-01-19|1|1|1|16|0|4|1|1|26|22.73|41|32.84|8|185|193
9092|2012-01-19|1|1|1|17|0|4|1|2|26|22.73|44|32.84|21|364|385
9093|2012-01-19|1|1|1|18|0|4|1|2|26|22.73|44|32.84|16|345|361
9094|2012-01-19|1|1|1|19|0|4|1|2|26|22.73|48|29.85|5|229|234
9095|2012-01-19|1|1|1|20|0|4|1|1|26|21.21|52|44.78|7|184|191
9096|2012-01-19|1|1|1|21|0|4|1|1|26|22.73|44|35.82|4|117|121
9097|2012-01-19|1|1|1|22|0|4|1|2|26|22.73|44|41.79|0|90|90
9098|2012-01-19|1|1|1|23|0|4|1|1|26|22.73|48|32.84|1|55|56
9099|2012-01-20|1|1|1|0|0|5|1|2|26|22.73|48|29.85|3|24|27
9100|2012-01-20|1|1|1|1|0|5|1|1|26|27.27|48|13.43|0|15|15
9101|2012-01-20|1|1|1|2|0|5|1|1|26|27.27|48|13.43|0|11|11
9102|2012-01-20|1|1|1|3|0|5|1|1|24|25.76|52|10.45|0|4|4
9103|2012-01-20|1|1|1|4|0|5|1|1|22|24.24|60|10.45|0|3|3
9104|2012-01-20|1|1|1|5|0|5|1|1|22|24.24|60|10.45|0|19|19
9105|2012-01-20|1|1|1|6|0|5|1|1|24|21.21|60|28.36|0|68|68
9106|2012-01-20|1|1|1|7|0|5|1|1|22|21.21|69|22.39|2|183|185
9107|2012-01-20|1|1|1|8|0|5|1|1|22|21.21|64|25.37|4|421|425
9108|2012-01-20|1|1|1|9|0|5|1|1|22|19.7|47|38.81|21|242|263
9109|2012-01-20|1|1|1|10|0|5|1|2|22|21.21|44|28.36|1|96|97
9110|2012-01-20|1|1|1|11|0|5|1|2|20|18.18|32|35.82|6|117|123
9111|2012-01-20|1|1|1|12|0|5|1|2|20|18.18|34|32.84|5|119|124
9112|2012-01-20|1|1|1|13|0|5|1|1|22|21.21|32|29.85|12|144|156
9113|2012-01-20|1|1|1|14|0|5|1|2|22|21.21|35|29.85|8|107|115
9114|2012-01-20|1|1|1|15|0|5|1|2|22|22.73|35|19.4|12|144|156
9115|2012-01-20|1|1|1|16|0|5|1|2|20|21.21|37|16.42|11|163|174
9116|2012-01-20|1|1|1|17|0|5|1|2|22|25.76|32|8.96|9|340|349
9117|2012-01-20|1|1|1|18|0|5|1|2|20|22.73|34|8.96|5|296|301
9118|2012-01-20|1|1|1|19|0|5|1|2|20|22.73|37|10.45|6|186|192
9119|2012-01-20|1|1|1|20|0|5|1|2|20|22.73|34|8.96|1|141|142
9120|2012-01-20|1|1|1|21|0|5|1|2|20|22.73|37|8.96|5|99|104
9121|2012-01-20|1|1|1|22|0|5|1|2|20|19.7|37|22.39|1|71|72
9122|2012-01-20|1|1|1|23|0|5|1|3|16|15.15|64|22.39|3|35|38
9123|2012-01-21|1|1|1|0|0|6|0|3|16|15.15|64|22.39|0|24|24
9124|2012-01-21|1|1|1|1|0|6|0|4|14|13.64|86|19.4|1|22|23
9125|2012-01-21|1|1|1|2|0|6|0|3|14|21.21|86|0|1|25|26
9126|2012-01-21|1|1|1|3|0|6|0|3|14|18.18|93|8.96|0|13|13
9127|2012-01-21|1|1|1|4|0|6|0|3|16|19.7|86|8.96|0|1|1
9128|2012-01-21|1|1|1|5|0|6|0|3|16|18.18|86|10.45|0|2|2
9129|2012-01-21|1|1|1|6|0|6|0|3|16|16.67|93|16.42|0|1|1
9130|2012-01-21|1|1|1|7|0|6|0|3|16|16.67|93|16.42|3|10|13
9131|2012-01-21|1|1|1|8|0|6|0|2|16|15.15|93|25.37|3|22|25
9132|2012-01-21|1|1|1|9|0|6|0|2|16|15.15|93|25.37|2|40|42
9133|2012-01-21|1|1|1|10|0|6|0|3|16|15.15|93|25.37|0|45|45
9134|2012-01-21|1|1|1|11|0|6|0|2|18|21.21|86|10.45|1|62|63
9135|2012-01-21|1|1|1|12|0|6|0|2|20|21.21|80|16.42|5|62|67
9136|2012-01-21|1|1|1|13|0|6|0|2|20|19.7|80|25.37|10|66|76
9137|2012-01-21|1|1|1|14|0|6|0|3|20|19.7|80|19.4|6|89|95
9138|2012-01-21|1|1|1|15|0|6|0|3|20|19.7|80|19.4|6|113|119
9139|2012-01-21|1|1|1|16|0|6|0|2|20|18.18|80|29.85|5|113|118
9140|2012-01-21|1|1|1|17|0|6|0|2|20|18.18|80|38.81|7|99|106
9141|2012-01-21|1|1|1|18|0|6|0|2|20|18.18|75|38.81|3|107|110
9142|2012-01-21|1|1|1|19|0|6|0|2|18|15.15|80|38.81|0|85|85
9143|2012-01-21|1|1|1|20|0|6|0|2|18|16.67|80|29.85|5|62|67
9144|2012-01-21|1|1|1|21|0|6|0|1|18|15.15|74|32.84|5|64|69
9145|2012-01-21|1|1|1|22|0|6|0|2|18|16.67|74|29.85|3|56|59
9146|2012-01-21|1|1|1|23|0|6|0|2|16|15.15|80|25.37|1|51|52
9147|2012-01-22|1|1|1|0|0|0|0|1|16|13.64|80|29.85|1|51|52
9148|2012-01-22|1|1|1|1|0|0|0|2|18|16.67|74|29.85|1|49|50
9149|2012-01-22|1|1|1|2|0|0|0|2|18|16.67|74|28.36|1|46|47
9150|2012-01-22|1|1|1|3|0|0|0|2|18|16.67|69|28.36|1|20|21
9151|2012-01-22|1|1|1|4|0|0|0|3|16|13.64|80|28.36|1|1|2
9152|2012-01-22|1|1|1|5|0|0|0|3|16|15.15|74|22.39|1|2|3
9153|2012-01-22|1|1|1|6|0|0|0|2|16|15.15|74|22.39|0|4|4
9154|2012-01-22|1|1|1|7|0|0|0|2|16|15.15|74|22.39|2|11|13
9155|2012-01-22|1|1|1|8|0|0|0|2|16|15.15|74|22.39|3|29|32
9156|2012-01-22|1|1|1|9|0|0|0|2|16|15.15|74|22.39|9|54|63
9157|2012-01-22|1|1|1|10|0|0|0|2|16|13.64|74|28.36|9|120|129
9158|2012-01-22|1|1|1|11|0|0|0|3|16|15.15|80|25.37|18|115|133
9159|2012-01-22|1|1|1|12|0|0|0|2|16|15.15|80|22.39|24|161|185
9160|2012-01-22|1|1|1|13|0|0|0|2|16|18.18|80|13.43|24|175|199
9161|2012-01-22|1|1|1|14|0|0|0|2|16|16.67|80|16.42|19|163|182
9162|2012-01-22|1|1|1|15|0|0|0|2|16|15.15|80|19.4|27|149|176
9163|2012-01-22|1|1|1|16|0|0|0|2|16|15.15|80|19.4|12|143|155
9164|2012-01-22|1|1|1|17|0|0|0|2|16|18.18|80|10.45|8|100|108
9165|2012-01-22|1|1|1|18|0|0|0|3|16|18.18|86|10.45|11|110|121
9166|2012-01-22|1|1|1|19|0|0|0|3|16|18.18|86|10.45|9|80|89
9167|2012-01-22|1|1|1|20|0|0|0|3|16|16.67|86|16.42|5|69|74
9168|2012-01-22|1|1|1|21|0|0|0|3|16|18.18|86|10.45|8|36|44
9169|2012-01-22|1|1|1|22|0|0|0|2|16|19.7|93|8.96|0|58|58
9170|2012-01-22|1|1|1|23|0|0|0|2|16|18.18|93|10.45|2|35|37
9171|2012-01-23|1|1|1|0|0|1|1|2|18|24.24|86|0|2|17|19
9172|2012-01-23|1|1|1|1|0|1|1|2|18|21.21|86|10.45|0|4|4
9173|2012-01-23|1|1|1|2|0|1|1|2|18|21.21|86|10.45|0|2|2
9174|2012-01-23|1|1|1|3|0|1|1|2|18|24.24|86|0|0|1|1
9175|2012-01-23|1|1|1|4|0|1|1|2|20|25.76|80|0|0|1|1
9176|2012-01-23|1|1|1|5|0|1|1|2|20|25.76|86|0|0|19|19
9177|2012-01-23|1|1|1|6|0|1|1|2|20|25.76|86|0|6|36|42
9178|2012-01-23|1|1|1|7|0|1|1|3|20|25.76|86|0|8|114|122
9179|2012-01-23|1|1|1|8|0|1|1|3|20|21.21|86|13.43|5|267|272
9180|2012-01-23|1|1|1|9|0|1|1|2|20|22.73|86|8.96|13|198|211
9181|2012-01-23|1|1|1|10|0|1|1|2|20|25.76|93|0|10|139|149
9182|2012-01-23|1|1|1|11|0|1|1|2|20|22.73|93|8.96|5|57|62
9183|2012-01-23|1|1|1|12|0|1|1|2|22|27.27|93|0|10|52|62
9184|2012-01-23|1|1|1|13|0|1|1|3|22|25.76|93|8.96|5|32|37
9185|2012-01-23|1|1|1|14|0|1|1|3|22|22.73|93|19.4|13|48|61
9186|2012-01-23|1|1|1|15|0|1|1|2|22|21.21|100|22.39|10|64|74
9187|2012-01-23|1|1|1|16|0|1|1|2|24|24.24|93|16.42|14|108|122
9188|2012-01-23|1|1|1|17|0|1|1|2|24|25.76|96|10.45|6|270|276
9189|2012-01-23|1|1|1|18|0|1|1|2|24|24.24|93|13.43|7|275|282
9190|2012-01-23|1|1|1|19|0|1|1|2|26|25.76|93|16.42|9|211|220
9191|2012-01-23|1|1|1|20|0|1|1|2|26|25.76|100|16.42|8|161|169
9192|2012-01-23|1|1|1|21|0|1|1|2|26|24.24|100|28.36|8|112|120
9193|2012-01-23|1|1|1|22|0|1|1|2|26|24.24|100|28.36|4|64|68
9194|2012-01-23|1|1|1|23|0|1|1|2|28|25.76|93|32.84|2|35|37
9195|2012-01-24|1|1|1|0|0|2|1|2|30|28.79|100|28.36|6|19|25
9196|2012-01-24|1|1|1|1|0|2|1|2|32|30.3|93|25.37|2|7|9
9197|2012-01-24|1|1|1|2|0|2|1|2|32|30.3|93|22.39|2|6|8
9198|2012-01-24|1|1|1|3|0|2|1|2|32|33.33|93|13.43|0|3|3
9199|2012-01-24|1|1|1|4|0|2|1|2|30|31.82|100|8.96|0|2|2
9200|2012-01-24|1|1|1|5|0|2|1|2|30|31.82|100|8.96|0|26|26
9201|2012-01-24|1|1|1|6|0|2|1|2|32|31.82|93|19.4|1|88|89
9202|2012-01-24|1|1|1|7|0|2|1|2|32|33.33|93|13.43|11|221|232
9203|2012-01-24|1|1|1|8|0|2|1|2|32|33.33|93|13.43|11|479|490
9204|2012-01-24|1|1|1|9|0|2|1|2|32|33.33|87|8.96|11|244|255
9205|2012-01-24|1|1|1|10|0|2|1|1|32|33.33|93|8.96|23|93|116
9206|2012-01-24|1|1|1|11|0|2|1|1|34|33.33|87|13.43|30|123|153
9207|2012-01-24|1|1|1|12|0|2|1|1|34|33.33|87|16.42|25|150|175
9208|2012-01-24|1|1|1|13|0|2|1|1|34|33.33|87|16.42|33|170|203
9209|2012-01-24|1|1|1|14|0|2|1|1|36|34.85|81|22.39|35|138|173
9210|2012-01-24|1|1|1|15|0|2|1|2|40|40.91|71|16.42|52|156|208
9211|2012-01-24|1|1|1|16|0|2|1|1|40|40.91|71|13.43|35|243|278
9212|2012-01-24|1|1|1|17|0|2|1|1|42|42.42|67|8.96|41|474|515
9213|2012-01-24|1|1|1|18|0|2|1|1|40|40.91|62|8.96|32|391|423
9214|2012-01-24|1|1|1|19|0|2|1|1|44|43.94|51|8.96|20|311|331
9215|2012-01-24|1|1|1|20|0|2|1|1|32|34.85|76|0|18|211|229
9216|2012-01-24|1|1|1|21|0|2|1|1|36|37.88|71|0|18|154|172
9217|2012-01-24|1|1|1|22|0|2|1|1|32|34.85|81|0|14|111|125
9218|2012-01-24|1|1|1|23|0|2|1|1|32|34.85|76|0|19|80|99
9219|2012-01-25|1|1|1|0|0|3|1|1|26|30.3|93|0|6|25|31
9220|2012-01-25|1|1|1|1|0|3|1|1|30|28.79|70|22.39|4|9|13
9221|2012-01-25|1|1|1|2|0|3|1|1|28|27.27|70|19.4|3|3|6
9222|2012-01-25|1|1|1|3|0|3|1|1|26|25.76|75|19.4|0|1|1
9223|2012-01-25|1|1|1|4|0|3|1|1|26|24.24|70|28.36|0|4|4
9224|2012-01-25|1|1|1|5|0|3|1|1|26|24.24|70|28.36|0|33|33
9225|2012-01-25|1|1|1|6|0|3|1|1|24|22.73|73|22.39|1|87|88
9226|2012-01-25|1|1|1|7|0|3|1|1|24|22.73|75|22.39|14|243|257
9227|2012-01-25|1|1|1|8|0|3|1|1|24|22.73|70|25.37|18|495|513
9228|2012-01-25|1|1|1|9|0|3|1|1|24|22.73|70|25.37|18|218|236
9229|2012-01-25|1|1|1|10|0|3|1|2|26|22.73|70|32.84|30|111|141
9230|2012-01-25|1|1|1|11|0|3|1|2|30|27.27|61|29.85|52|105|157
9231|2012-01-25|1|1|1|12|0|3|1|1|32|33.33|53|13.43|46|147|193
9232|2012-01-25|1|1|1|13|0|3|1|1|34|33.33|49|13.43|63|149|212
9233|2012-01-25|1|1|1|14|0|3|1|1|34|34.85|49|8.96|53|107|160
9234|2012-01-25|1|1|1|15|0|3|1|1|36|37.88|46|0|30|125|155
9235|2012-01-25|1|1|1|16|0|3|1|1|34|33.33|53|16.42|29|217|246
9236|2012-01-25|1|1|1|17|0|3|1|1|36|34.85|53|16.42|27|443|470
9237|2012-01-25|1|1|1|18|0|3|1|1|32|33.33|66|13.43|24|415|439
9238|2012-01-25|1|1|1|19|0|3|1|2|34|36.36|53|0|5|311|316
9239|2012-01-25|1|1|1|20|0|3|1|1|32|31.82|61|19.4|10|225|235
9240|2012-01-25|1|1|1|21|0|3|1|1|30|33.33|65|0|19|166|185
9241|2012-01-25|1|1|1|22|0|3|1|1|30|31.82|65|8.96|12|101|113
9242|2012-01-25|1|1|1|23|0|3|1|2|28|31.82|65|0|3|63|66
9243|2012-01-26|1|1|1|0|0|4|1|2|28|28.79|75|10.45|3|22|25
9244|2012-01-26|1|1|1|1|0|4|1|2|28|31.82|75|0|5|16|21
9245|2012-01-26|1|1|1|2|0|4|1|2|28|27.27|75|16.42|1|6|7
9246|2012-01-26|1|1|1|3|0|4|1|2|28|30.3|75|8.96|1|5|6
9247|2012-01-26|1|1|1|4|0|4|1|1|28|31.82|75|0|0|3|3
9248|2012-01-26|1|1|1|5|0|4|1|2|30|31.82|75|10.45|0|28|28
9249|2012-01-26|1|1|1|6|0|4|1|2|28|31.82|81|0|0|88|88
9250|2012-01-26|1|1|1|7|0|4|1|2|28|30.3|81|8.96|11|228|239
9251|2012-01-26|1|1|1|8|0|4|1|2|28|30.3|81|8.96|16|514|530
9252|2012-01-26|1|1|1|9|0|4|1|2|30|33.33|81|0|18|256|274
9253|2012-01-26|1|1|1|10|0|4|1|2|30|30.3|81|13.43|16|92|108
9254|2012-01-26|1|1|1|11|0|4|1|2|30|31.82|87|10.45|11|100|111
9255|2012-01-26|1|1|1|12|0|4|1|2|34|33.33|81|13.43|29|136|165
9256|2012-01-26|1|1|1|13|0|4|1|2|38|39.39|71|0|17|156|173
9257|2012-01-26|1|1|1|14|0|4|1|2|40|40.91|71|10.45|16|112|128
9258|2012-01-26|1|1|1|15|0|4|1|2|42|42.42|71|10.45|22|142|164
9259|2012-01-26|1|1|1|16|0|4|1|2|40|40.91|71|8.96|15|209|224
9260|2012-01-26|1|1|1|17|0|4|1|2|42|42.42|71|0|16|397|413
9261|2012-01-26|1|1|1|18|0|4|1|2|42|42.42|71|0|12|394|406
9262|2012-01-26|1|1|1|19|0|4|1|2|40|40.91|76|10.45|11|302|313
9263|2012-01-26|1|1|1|20|0|4|1|2|40|40.91|82|13.43|8|216|224
9264|2012-01-26|1|1|1|21|0|4|1|2|40|40.91|76|10.45|8|184|192
9265|2012-01-26|1|1|1|22|0|4|1|1|38|39.39|82|10.45|3|139|142
9266|2012-01-26|1|1|1|23|0|4|1|2|40|40.91|82|0|5|86|91
9267|2012-01-27|1|1|1|0|0|5|1|2|40|40.91|82|25.37|6|32|38
9268|2012-01-27|1|1|1|1|0|5|1|2|40|40.91|87|22.39|6|23|29
9269|2012-01-27|1|1|1|2|0|5|1|1|42|42.42|94|13.43|2|11|13
9270|2012-01-27|1|1|1|3|0|5|1|2|42|42.42|94|28.36|3|5|8
9271|2012-01-27|1|1|1|4|0|5|1|2|40|40.91|100|29.85|1|3|4
9272|2012-01-27|1|1|1|5|0|5|1|2|42|42.42|94|32.84|0|24|24
9273|2012-01-27|1|1|1|6|0|5|1|2|42|42.42|100|32.84|0|72|72
9274|2012-01-27|1|1|1|7|0|5|1|2|42|42.42|100|29.85|6|128|134
9275|2012-01-27|1|1|1|8|0|5|1|3|50|48.48|88|28.36|14|206|220
9276|2012-01-27|1|1|1|9|0|5|1|3|50|48.48|88|28.36|6|101|107
9277|2012-01-27|1|1|1|10|0|5|1|3|48|46.97|100|16.42|9|117|126
9278|2012-01-27|1|1|1|11|0|5|1|2|48|46.97|94|13.43|10|95|105
9279|2012-01-27|1|1|1|12|0|5|1|2|50|48.48|88|16.42|25|155|180
9280|2012-01-27|1|1|1|13|0|5|1|1|50|48.48|59|46.27|26|175|201
9281|2012-01-27|1|1|1|14|0|5|1|1|50|48.48|55|55.22|23|153|176
9282|2012-01-27|1|1|1|15|0|5|1|1|48|46.97|51|32.84|27|170|197
9283|2012-01-27|1|1|1|16|0|5|1|1|44|43.94|51|55.22|26|241|267
9284|2012-01-27|1|1|1|17|0|5|1|1|42|42.42|50|58.21|16|406|422
9285|2012-01-27|1|1|1|18|0|5|1|1|40|40.91|50|49.25|20|363|383
9286|2012-01-27|1|1|1|19|0|5|1|1|36|33.33|50|38.81|10|241|251
9287|2012-01-27|1|1|1|20|0|5|1|1|34|30.3|53|35.82|6|153|159
9288|2012-01-27|1|1|1|21|0|5|1|1|34|28.79|53|52.24|8|127|135
9289|2012-01-27|1|1|1|22|0|5|1|1|34|30.3|49|38.81|11|108|119
9290|2012-01-27|1|1|1|23|0|5|1|1|32|28.79|49|41.79|8|78|86
9291|2012-01-28|1|1|1|0|0|6|0|1|30|28.79|52|28.36|1|68|69
9292|2012-01-28|1|1|1|1|0|6|0|1|30|30.3|52|16.42|1|57|58
9293|2012-01-28|1|1|1|2|0|6|0|1|26|30.3|60|0|3|38|41
9294|2012-01-28|1|1|1|3|0|6|0|1|26|28.79|60|8.96|1|16|17
9295|2012-01-28|1|1|1|4|0|6|0|1|26|25.76|60|16.42|0|8|8
9296|2012-01-28|1|1|1|5|0|6|0|1|24|25.76|75|8.96|0|10|10
9297|2012-01-28|1|1|1|6|0|6|0|1|24|28.79|70|0|3|12|15
9298|2012-01-28|1|1|1|7|0|6|0|1|22|27.27|75|0|3|28|31
9299|2012-01-28|1|1|1|8|0|6|0|1|20|22.73|80|8.96|9|82|91
9300|2012-01-28|1|1|1|9|0|6|0|1|22|27.27|80|0|13|145|158
9301|2012-01-28|1|1|1|10|0|6|0|1|26|27.27|70|13.43|27|164|191
9302|2012-01-28|1|1|1|11|0|6|0|1|30|30.3|56|13.43|55|241|296
9303|2012-01-28|1|1|1|12|0|6|0|1|30|28.79|61|28.36|70|244|314
9304|2012-01-28|1|1|1|13|0|6|0|1|34|31.82|57|25.37|80|293|373
9305|2012-01-28|1|1|1|14|0|6|0|1|38|39.39|50|38.81|123|239|362
9306|2012-01-28|1|1|1|15|0|6|0|1|40|40.91|47|32.84|90|320|410
9307|2012-01-28|1|1|1|16|0|6|0|1|42|42.42|44|35.82|131|276|407
9308|2012-01-28|1|1|1|17|0|6|0|1|42|42.42|44|38.81|57|233|290
9309|2012-01-28|1|1|1|18|0|6|0|1|42|42.42|41|22.39|40|201|241
9310|2012-01-28|1|1|1|19|0|6|0|2|42|42.42|41|55.22|33|173|206
9311|2012-01-28|1|1|1|20|0|6|0|1|40|40.91|35|38.81|5|115|120
9312|2012-01-28|1|1|1|21|0|6|0|1|36|33.33|29|35.82|18|109|127
9313|2012-01-28|1|1|1|22|0|6|0|1|34|33.33|34|19.4|6|97|103
9314|2012-01-28|1|1|1|23|0|6|0|1|32|31.82|31|19.4|6|79|85
9315|2012-01-29|1|1|1|0|0|0|0|1|30|28.79|33|22.39|15|81|96
9316|2012-01-29|1|1|1|1|0|0|0|1|30|27.27|28|35.82|5|68|73
9317|2012-01-29|1|1|1|2|0|0|0|1|28|25.76|26|32.84|3|48|51
9318|2012-01-29|1|1|1|3|0|0|0|1|26|25.76|28|19.4|4|17|21
9319|2012-01-29|1|1|1|4|0|0|0|1|24|25.76|30|0|0|5|5
9320|2012-01-29|1|1|1|5|0|0|0|1|20|21.21|51|13.43|1|6|7
9321|2012-01-29|1|1|1|6|0|0|0|1|20|22.73|40|10.45|1|4|5
9322|2012-01-29|1|1|1|7|0|0|0|1|20|21.21|37|13.43|0|12|12
9323|2012-01-29|1|1|1|8|0|0|0|1|18|19.7|40|13.43|9|61|70
9324|2012-01-29|1|1|1|9|0|0|0|1|18|19.7|43|13.43|13|98|111
9325|2012-01-29|1|1|1|10|0|0|0|1|24|24.24|35|13.43|38|153|191
9326|2012-01-29|1|1|1|11|0|0|0|1|28|27.27|28|22.39|57|198|255
9327|2012-01-29|1|1|1|12|0|0|0|1|32|30.3|26|22.39|73|215|288
9328|2012-01-29|1|1|1|13|0|0|0|1|32|30.3|26|22.39|78|238|316
9329|2012-01-29|1|1|1|14|0|0|0|1|32|30.3|26|25.37|51|229|280
9330|2012-01-29|1|1|1|15|0|0|0|1|36|33.33|25|28.36|68|242|310
9331|2012-01-29|1|1|1|16|0|0|0|1|36|33.33|21|41.79|54|268|322
9332|2012-01-29|1|1|1|17|0|0|0|1|36|33.33|21|41.79|33|201|234
9333|2012-01-29|1|1|1|18|0|0|0|1|34|30.3|23|35.82|17|151|168
9334|2012-01-29|1|1|1|19|0|0|0|1|32|30.3|29|25.37|14|145|159
9335|2012-01-29|1|1|1|20|0|0|0|1|30|28.79|39|22.39|13|98|111
9336|2012-01-29|1|1|1|21|0|0|0|1|30|28.79|33|28.36|0|69|69
9337|2012-01-29|1|1|1|22|0|0|0|1|32|28.79|26|38.81|7|57|64
9338|2012-01-29|1|1|1|23|0|0|0|1|30|27.27|33|32.84|4|21|25
9339|2012-01-30|1|1|1|0|0|1|1|2|32|28.79|26|41.79|0|10|10
9340|2012-01-30|1|1|1|1|0|1|1|1|26|22.73|60|35.82|0|9|9
9341|2012-01-30|1|1|1|2|0|1|1|1|24|21.21|48|35.82|1|6|7
9342|2012-01-30|1|1|1|3|0|1|1|1|24|22.73|48|19.4|0|4|4
9343|2012-01-30|1|1|1|4|0|1|1|1|20|21.21|51|13.43|0|5|5
9344|2012-01-30|1|1|1|5|0|1|1|1|20|21.21|51|13.43|0|26|26
9345|2012-01-30|1|1|1|6|0|1|1|1|22|21.21|44|25.37|0|80|80
9346|2012-01-30|1|1|1|7|0|1|1|1|22|21.21|44|28.36|4|221|225
9347|2012-01-30|1|1|1|8|0|1|1|1|20|19.7|47|22.39|12|481|493
9348|2012-01-30|1|1|1|9|0|1|1|1|20|19.7|47|22.39|5|193|198
9349|2012-01-30|1|1|1|10|0|1|1|1|22|21.21|41|28.36|3|82|85
9350|2012-01-30|1|1|1|11|0|1|1|1|26|25.76|38|0|6|93|99
9351|2012-01-30|1|1|1|12|0|1|1|1|26|22.73|35|38.81|5|129|134
9352|2012-01-30|1|1|1|13|0|1|1|1|30|28.79|31|19.4|15|117|132
9353|2012-01-30|1|1|1|14|0|1|1|1|32|33.33|24|13.43|15|100|115
9354|2012-01-30|1|1|1|15|0|1|1|1|32|31.82|24|19.4|7|131|138
9355|2012-01-30|1|1|1|16|0|1|1|1|34|33.33|25|19.4|11|210|221
9356|2012-01-30|1|1|1|17|0|1|1|1|36|34.85|21|19.4|16|422|438
9357|2012-01-30|1|1|1|18|0|1|1|1|34|33.33|23|16.42|11|399|410
9358|2012-01-30|1|1|1|19|0|1|1|1|30|31.82|45|10.45|8|298|306
9359|2012-01-30|1|1|1|20|0|1|1|1|30|30.3|39|16.42|2|179|181
9360|2012-01-30|1|1|1|21|0|1|1|1|30|30.3|42|16.42|3|159|162
9361|2012-01-30|1|1|1|22|0|1|1|1|28|27.27|48|22.39|2|92|94
9362|2012-01-30|1|1|1|23|0|1|1|1|26|25.76|60|19.4|0|52|52
9363|2012-01-31|1|1|1|0|0|2|1|1|28|27.27|52|25.37|0|15|15
9364|2012-01-31|1|1|1|1|0|2|1|1|30|27.27|42|29.85|1|7|8
9365|2012-01-31|1|1|1|2|0|2|1|1|30|28.79|42|22.39|0|2|2
9366|2012-01-31|1|1|1|3|0|2|1|1|30|28.79|45|22.39|0|2|2
9367|2012-01-31|1|1|1|4|0|2|1|1|30|28.79|49|19.4|0|1|1
9368|2012-01-31|1|1|1|5|0|2|1|1|30|28.79|49|19.4|0|22|22
9369|2012-01-31|1|1|1|6|0|2|1|1|28|27.27|52|16.42|0|104|104
9370|2012-01-31|1|1|1|7|0|2|1|1|26|25.76|60|19.4|6|273|279
9371|2012-01-31|1|1|1|8|0|2|1|1|26|27.27|60|10.45|14|498|512
9372|2012-01-31|1|1|1|9|0|2|1|1|30|28.79|52|19.4|30|231|261
9373|2012-01-31|1|1|1|10|0|2|1|2|32|31.82|57|19.4|34|110|144
9374|2012-01-31|1|1|1|11|0|2|1|1|40|40.91|37|28.36|14|125|139
9375|2012-01-31|1|1|1|12|0|2|1|1|40|40.91|43|29.85|13|181|194
9376|2012-01-31|1|1|1|13|0|2|1|1|46|45.45|36|22.39|27|171|198
9377|2012-01-31|1|1|1|14|0|2|1|1|50|48.48|29|32.84|18|142|160
9378|2012-01-31|1|1|1|15|0|2|1|1|54|51.52|26|44.78|27|150|177
9379|2012-01-31|1|1|1|16|0|2|1|1|54|51.52|26|44.78|30|277|307
9380|2012-01-31|1|1|1|17|0|2|1|1|54|51.52|26|41.79|41|518|559
9381|2012-01-31|1|1|1|18|0|2|1|1|54|51.52|24|35.82|16|486|502
9382|2012-01-31|1|1|1|19|0|2|1|1|50|48.48|29|28.36|22|306|328
9383|2012-01-31|1|1|1|20|0|2|1|1|40|40.91|58|10.45|15|223|238
9384|2012-01-31|1|1|1|21|0|2|1|1|46|45.45|33|29.85|3|162|165
9385|2012-01-31|1|1|1|22|0|2|1|1|44|43.94|35|29.85|11|118|129
9386|2012-01-31|1|1|1|23|0|2|1|1|44|43.94|38|25.37|2|61|63
9387|2012-02-01|1|1|2|0|0|3|1|1|44|43.94|38|28.36|0|31|31
9388|2012-02-01|1|1|2|1|0|3|1|1|44|43.94|41|28.36|0|4|4
9389|2012-02-01|1|1|2|2|0|3|1|1|44|43.94|44|28.36|1|6|7
9390|2012-02-01|1|1|2|3|0|3|1|1|44|43.94|44|19.4|0|3|3
9391|2012-02-01|1|1|2|4|0|3|1|1|40|40.91|50|16.42|0|1|1
9392|2012-02-01|1|1|2|5|0|3|1|1|40|40.91|50|16.42|0|18|18
9393|2012-02-01|1|1|2|6|0|3|1|3|40|40.91|54|16.42|0|67|67
9394|2012-02-01|1|1|2|7|0|3|1|3|38|39.39|62|8.96|7|201|208
9395|2012-02-01|1|1|2|8|0|3|1|3|36|36.36|73|10.45|15|505|520
9396|2012-02-01|1|1|2|9|0|3|1|2|36|34.85|71|19.4|9|267|276
9397|2012-02-01|1|1|2|10|0|3|1|1|40|40.91|62|13.43|9|124|133
9398|2012-02-01|1|1|2|11|0|3|1|1|40|40.91|58|16.42|27|116|143
9399|2012-02-01|1|1|2|12|0|3|1|1|44|43.94|54|10.45|26|153|179
9400|2012-02-01|1|1|2|13|0|3|1|1|46|45.45|47|22.39|12|174|186
9401|2012-02-01|1|1|2|14|0|3|1|1|62|62.12|33|22.39|33|159|192
9402|2012-02-01|1|1|2|15|0|3|1|1|60|62.12|35|28.36|25|169|194
9403|2012-02-01|1|1|2|16|0|3|1|1|60|62.12|40|22.39|22|261|283
9404|2012-02-01|1|1|2|17|0|3|1|1|58|54.55|43|19.4|31|508|539
9405|2012-02-01|1|1|2|18|0|3|1|1|56|53.03|46|16.42|12|514|526
9406|2012-02-01|1|1|2|19|0|3|1|1|54|51.52|52|28.36|20|315|335
9407|2012-02-01|1|1|2|20|0|3|1|1|52|50|52|16.42|10|254|264
9408|2012-02-01|1|1|2|21|0|3|1|1|52|50|52|16.42|16|217|233
9409|2012-02-01|1|1|2|22|0|3|1|1|50|48.48|55|19.4|7|133|140
9410|2012-02-01|1|1|2|23|0|3|1|1|46|45.45|63|8.96|22|75|97
9411|2012-02-02|1|1|2|0|0|4|1|1|46|45.45|59|13.43|7|24|31
9412|2012-02-02|1|1|2|1|0|4|1|2|46|45.45|55|0|3|14|17
9413|2012-02-02|1|1|2|2|0|4|1|2|42|42.42|67|13.43|2|7|9
9414|2012-02-02|1|1|2|3|0|4|1|2|42|42.42|67|13.43|0|2|2
9415|2012-02-02|1|1|2|4|0|4|1|3|40|40.91|82|8.96|0|1|1
9416|2012-02-02|1|1|2|5|0|4|1|3|40|40.91|82|0|0|19|19
9417|2012-02-02|1|1|2|6|0|4|1|3|36|37.88|90|0|1|73|74
9418|2012-02-02|1|1|2|7|0|4|1|3|36|37.88|93|0|4|201|205
9419|2012-02-02|1|1|2|8|0|4|1|3|40|40.91|87|0|9|436|445
9420|2012-02-02|1|1|2|9|0|4|1|3|38|39.39|87|0|15|213|228
9421|2012-02-02|1|1|2|10|0|4|1|3|42|42.42|77|10.45|6|72|78
9422|2012-02-02|1|1|2|11|0|4|1|3|40|40.91|82|25.37|6|99|105
9423|2012-02-02|1|1|2|12|0|4|1|1|42|42.42|82|0|8|140|148
9424|2012-02-02|1|1|2|13|0|4|1|2|42|42.42|77|0|13|124|137
9425|2012-02-02|1|1|2|14|0|4|1|1|40|40.91|76|10.45|12|129|141
9426|2012-02-02|1|1|2|15|0|4|1|1|46|45.45|67|16.42|24|150|174
9427|2012-02-02|1|1|2|16|0|4|1|1|46|45.45|55|28.36|18|211|229
9428|2012-02-02|1|1|2|17|0|4|1|1|42|42.42|54|49.25|13|437|450
9429|2012-02-02|1|1|2|18|0|4|1|1|40|40.91|43|46.27|17|393|410
9430|2012-02-02|1|1|2|19|0|4|1|1|38|39.39|43|52.24|16|311|327
9431|2012-02-02|1|1|2|20|0|4|1|1|36|31.82|46|52.24|9|204|213
9432|2012-02-02|1|1|2|21|0|4|1|1|34|30.3|46|41.79|4|144|148
9433|2012-02-02|1|1|2|22|0|4|1|1|32|28.79|49|41.79|3|106|109
9434|2012-02-02|1|1|2|23|0|4|1|1|32|30.3|49|25.37|0|61|61
9435|2012-02-03|1|1|2|0|0|5|1|1|32|28.79|53|38.81|1|37|38
9436|2012-02-03|1|1|2|1|0|5|1|1|30|27.27|56|32.84|3|19|22
9437|2012-02-03|1|1|2|2|0|5|1|1|30|28.79|52|22.39|0|6|6
9438|2012-02-03|1|1|2|3|0|5|1|1|28|25.76|56|29.85|0|4|4
9439|2012-02-03|1|1|2|4|0|5|1|1|26|25.76|60|22.39|0|2|2
9440|2012-02-03|1|1|2|5|0|5|1|1|26|25.76|60|22.39|0|17|17
9441|2012-02-03|1|1|2|6|0|5|1|1|24|24.24|65|16.42|0|88|88
9442|2012-02-03|1|1|2|7|0|5|1|1|24|22.73|65|22.39|10|216|226
9443|2012-02-03|1|1|2|8|0|5|1|1|24|22.73|65|22.39|12|429|441
9444|2012-02-03|1|1|2|9|0|5|1|1|24|22.73|65|19.4|18|252|270
9445|2012-02-03|1|1|2|10|0|5|1|1|28|25.76|56|28.36|15|114|129
9446|2012-02-03|1|1|2|11|0|5|1|1|32|30.3|53|29.85|15|149|164
9447|2012-02-03|1|1|2|12|0|5|1|1|34|33.33|46|13.43|25|191|216
9448|2012-02-03|1|1|2|13|0|5|1|1|36|36.36|46|0|25|173|198
9449|2012-02-03|1|1|2|14|0|5|1|1|36|34.85|46|22.39|22|148|170
9450|2012-02-03|1|1|2|15|0|5|1|1|38|39.39|40|0|48|168|216
9451|2012-02-03|1|1|2|16|0|5|1|1|40|40.91|37|10.45|36|275|311
9452|2012-02-03|1|1|2|17|0|5|1|1|40|40.91|37|8.96|30|458|488
9453|2012-02-03|1|1|2|18|0|5|1|1|38|39.39|40|13.43|17|368|385
9454|2012-02-03|1|1|2|19|0|5|1|1|34|34.85|49|10.45|11|256|267
9455|2012-02-03|1|1|2|20|0|5|1|1|34|34.85|49|10.45|8|155|163
9456|2012-02-03|1|1|2|21|0|5|1|1|34|34.85|49|10.45|8|126|134
9457|2012-02-03|1|1|2|22|0|5|1|1|34|34.85|49|10.45|3|116|119
9458|2012-02-03|1|1|2|23|0|5|1|1|26|27.27|70|10.45|3|74|77
9459|2012-02-04|1|1|2|0|0|6|0|1|26|27.27|70|10.45|10|76|86
9460|2012-02-04|1|1|2|1|0|6|0|1|26|27.27|70|10.45|0|43|43
9461|2012-02-04|1|1|2|2|0|6|0|1|24|25.76|70|8.96|6|38|44
9462|2012-02-04|1|1|2|3|0|6|0|1|24|28.79|75|0|1|17|18
9463|2012-02-04|1|1|2|4|0|6|0|1|24|25.76|81|8.96|1|5|6
9464|2012-02-04|1|1|2|5|0|6|0|1|24|25.76|81|8.96|1|3|4
9465|2012-02-04|1|1|2|6|0|6|0|1|22|22.73|87|13.43|1|4|5
9466|2012-02-04|1|1|2|7|0|6|0|2|24|24.24|87|13.43|1|27|28
9467|2012-02-04|1|1|2|8|0|6|0|1|24|28.79|87|0|4|86|90
9468|2012-02-04|1|1|2|9|0|6|0|1|24|24.24|81|13.43|16|141|157
9469|2012-02-04|1|1|2|10|0|6|0|1|24|25.76|87|10.45|31|193|224
9470|2012-02-04|1|1|2|11|0|6|0|1|30|33.33|70|0|46|224|270
9471|2012-02-04|1|1|2|12|0|6|0|2|30|31.82|70|8.96|40|260|300
9472|2012-02-04|1|1|2|13|0|6|0|2|30|28.79|70|19.4|58|244|302
9473|2012-02-04|1|1|2|14|0|6|0|2|32|30.3|66|22.39|47|229|276
9474|2012-02-04|1|1|2|15|0|6|0|2|32|30.3|66|22.39|61|244|305
9475|2012-02-04|1|1|2|16|0|6|0|2|34|33.33|61|16.42|20|123|143
9476|2012-02-04|1|1|2|17|0|6|0|3|30|28.79|70|19.4|13|54|67
9477|2012-02-04|1|1|2|18|0|6|0|3|28|27.27|75|16.42|6|58|64
9478|2012-02-04|1|1|2|19|0|6|0|3|26|27.27|87|13.43|5|75|80
9479|2012-02-04|1|1|2|20|0|6|0|3|24|22.73|93|19.4|4|73|77
9480|2012-02-04|1|1|2|21|0|6|0|3|24|24.24|93|13.43|4|74|78
9481|2012-02-04|1|1|2|22|0|6|0|2|24|25.76|87|8.96|4|91|95
9482|2012-02-04|1|1|2|23|0|6|0|2|24|24.24|87|13.43|4|66|70
9483|2012-02-05|1|1|2|0|0|0|0|2|24|24.24|87|13.43|3|58|61
9484|2012-02-05|1|1|2|1|0|0|0|2|24|25.76|93|10.45|5|46|51
9485|2012-02-05|1|1|2|2|0|0|0|2|24|25.76|93|10.45|4|59|63
9486|2012-02-05|1|1|2|3|0|0|0|3|24|25.76|87|8.96|4|13|17
9487|2012-02-05|1|1|2|4|0|0|0|2|24|24.24|87|13.43|0|9|9
9488|2012-02-05|1|1|2|5|0|0|0|3|26|25.76|81|19.4|0|4|4
9489|2012-02-05|1|1|2|6|0|0|0|2|26|24.24|70|25.37|0|4|4
9490|2012-02-05|1|1|2|7|0|0|0|2|24|24.24|75|16.42|0|16|16
9491|2012-02-05|1|1|2|8|0|0|0|2|24|24.24|75|16.42|4|58|62
9492|2012-02-05|1|1|2|9|0|0|0|2|24|22.73|70|22.39|9|83|92
9493|2012-02-05|1|1|2|10|0|0|0|2|26|24.24|65|28.36|10|138|148
9494|2012-02-05|1|1|2|11|0|0|0|2|26|25.76|70|19.4|22|160|182
9495|2012-02-05|1|1|2|12|0|0|0|2|26|25.76|65|19.4|25|223|248
9496|2012-02-05|1|1|2|13|0|0|0|2|28|27.27|61|16.42|33|241|274
9497|2012-02-05|1|1|2|14|0|0|0|1|30|30.3|61|16.42|40|203|243
9498|2012-02-05|1|1|2|15|0|0|0|2|30|28.79|56|25.37|55|217|272
9499|2012-02-05|1|1|2|16|0|0|0|1|30|28.79|56|22.39|35|261|296
9500|2012-02-05|1|1|2|17|0|0|0|1|32|31.82|53|16.42|31|275|306
9501|2012-02-05|1|1|2|18|0|0|0|1|30|28.79|52|25.37|10|171|181
9502|2012-02-05|1|1|2|19|0|0|0|1|30|28.79|52|22.39|6|63|69
9503|2012-02-05|1|1|2|20|0|0|0|1|28|27.27|56|19.4|3|47|50
9504|2012-02-05|1|1|2|21|0|0|0|1|28|28.79|56|10.45|6|60|66
9505|2012-02-05|1|1|2|22|0|0|0|1|26|27.27|60|10.45|9|182|191
9506|2012-02-05|1|1|2|23|0|0|0|1|24|24.24|70|13.43|4|38|42
9507|2012-02-06|1|1|2|0|0|1|1|1|24|24.24|65|13.43|7|14|21
9508|2012-02-06|1|1|2|1|0|1|1|1|22|25.76|75|8.96|0|6|6
9509|2012-02-06|1|1|2|2|0|1|1|1|22|27.27|75|0|0|3|3
9510|2012-02-06|1|1|2|4|0|1|1|1|18|21.21|80|10.45|0|2|2
9511|2012-02-06|1|1|2|5|0|1|1|1|18|21.21|80|10.45|0|17|17
9512|2012-02-06|1|1|2|6|0|1|1|1|16|18.18|86|10.45|0|72|72
9513|2012-02-06|1|1|2|7|0|1|1|1|16|18.18|86|10.45|5|229|234
9514|2012-02-06|1|1|2|8|0|1|1|1|16|18.18|86|13.43|10|434|444
9515|2012-02-06|1|1|2|9|0|1|1|1|18|21.21|80|10.45|8|269|277
9516|2012-02-06|1|1|2|10|0|1|1|1|22|24.24|75|10.45|20|96|116
9517|2012-02-06|1|1|2|11|0|1|1|1|26|27.27|70|13.43|12|104|116
9518|2012-02-06|1|1|2|12|0|1|1|1|32|31.82|61|16.42|19|131|150
9519|2012-02-06|1|1|2|13|0|1|1|1|38|39.39|40|22.39|17|124|141
9520|2012-02-06|1|1|2|14|0|1|1|1|40|40.91|35|16.42|14|126|140
9521|2012-02-06|1|1|2|15|0|1|1|1|42|42.42|32|28.36|25|146|171
9522|2012-02-06|1|1|2|16|0|1|1|1|40|40.91|43|25.37|13|215|228
9523|2012-02-06|1|1|2|17|0|1|1|1|40|40.91|43|25.37|13|417|430
9524|2012-02-06|1|1|2|18|0|1|1|1|38|39.39|43|22.39|11|426|437
9525|2012-02-06|1|1|2|19|0|1|1|1|36|33.33|43|25.37|7|284|291
9526|2012-02-06|1|1|2|20|0|1|1|1|34|33.33|46|16.42|7|194|201
9527|2012-02-06|1|1|2|21|0|1|1|1|32|31.82|57|16.42|11|143|154
9528|2012-02-06|1|1|2|22|0|1|1|1|30|30.3|65|13.43|4|83|87
9529|2012-02-06|1|1|2|23|0|1|1|1|30|30.3|65|13.43|3|43|46
9530|2012-02-07|1|1|2|0|0|2|1|1|30|28.79|70|19.4|1|22|23
9531|2012-02-07|1|1|2|1|0|2|1|1|28|28.79|61|13.43|8|6|14
9532|2012-02-07|1|1|2|2|0|2|1|1|30|33.33|61|0|0|4|4
9533|2012-02-07|1|1|2|3|0|2|1|2|30|33.33|70|0|1|1|2
9534|2012-02-07|1|1|2|4|0|2|1|2|30|33.33|70|0|0|3|3
9535|2012-02-07|1|1|2|5|0|2|1|1|32|33.33|49|8.96|0|15|15
9536|2012-02-07|1|1|2|6|0|2|1|1|32|30.3|45|29.85|2|98|100
9537|2012-02-07|1|1|2|7|0|2|1|1|32|34.85|45|0|6|293|299
9538|2012-02-07|1|1|2|8|0|2|1|1|30|31.82|49|0|7|522|529
9539|2012-02-07|1|1|2|9|0|2|1|1|32|33.33|49|0|11|278|289
9540|2012-02-07|1|1|2|10|0|2|1|1|34|33.33|46|16.42|12|104|116
9541|2012-02-07|1|1|2|11|0|2|1|1|36|34.85|46|19.4|9|120|129
9542|2012-02-07|1|1|2|12|0|2|1|1|40|40.91|40|32.84|9|163|172
9543|2012-02-07|1|1|2|13|0|2|1|1|44|43.94|38|25.37|15|169|184
9544|2012-02-07|1|1|2|14|0|2|1|1|44|43.94|38|25.37|11|127|138
9545|2012-02-07|1|1|2|15|0|2|1|1|44|43.94|38|19.4|13|133|146
9546|2012-02-07|1|1|2|16|0|2|1|1|44|43.94|35|25.37|19|257|276
9547|2012-02-07|1|1|2|17|0|2|1|1|44|43.94|35|19.4|15|494|509
9548|2012-02-07|1|1|2|18|0|2|1|1|42|42.42|38|19.4|10|508|518
9549|2012-02-07|1|1|2|19|0|2|1|1|38|39.39|43|22.39|11|327|338
9550|2012-02-07|1|1|2|20|0|2|1|1|36|34.85|50|13.43|6|206|212
9551|2012-02-07|1|1|2|21|0|2|1|1|34|34.85|61|10.45|20|170|190
9552|2012-02-07|1|1|2|22|0|2|1|1|32|31.82|57|19.4|11|107|118
9553|2012-02-07|1|1|2|23|0|2|1|1|32|33.33|57|13.43|2|49|51
9554|2012-02-08|1|1|2|0|0|3|1|1|30|28.79|56|22.39|2|21|23
9555|2012-02-08|1|1|2|1|0|3|1|1|28|27.27|61|16.42|1|9|10
9556|2012-02-08|1|1|2|2|0|3|1|1|26|30.3|65|0|0|1|1
9557|2012-02-08|1|1|2|3|0|3|1|1|26|30.3|65|0|0|1|1
9558|2012-02-08|1|1|2|4|0|3|1|1|24|25.76|70|8.96|0|1|1
9559|2012-02-08|1|1|2|5|0|3|1|1|24|25.76|70|8.96|0|20|20
9560|2012-02-08|1|1|2|6|0|3|1|2|24|28.79|70|0|3|95|98
9561|2012-02-08|1|1|2|7|0|3|1|2|24|25.76|70|10.45|5|276|281
9562|2012-02-08|1|1|2|8|0|3|1|2|24|22.73|70|22.39|13|495|508
9563|2012-02-08|1|1|2|9|0|3|1|2|24|25.76|70|16.42|8|245|253
9564|2012-02-08|1|1|2|10|0|3|1|2|26|25.76|70|22.39|1|107|108
9565|2012-02-08|1|1|2|11|0|3|1|2|26|25.76|65|22.39|5|97|102
9566|2012-02-08|1|1|2|12|0|3|1|2|28|25.76|65|28.36|14|124|138
9567|2012-02-08|1|1|2|13|0|3|1|2|28|28.79|61|10.45|15|111|126
9568|2012-02-08|1|1|2|14|0|3|1|2|30|30.3|56|16.42|8|100|108
9569|2012-02-08|1|1|2|15|0|3|1|3|30|31.82|61|10.45|5|49|54
9570|2012-02-08|1|1|2|16|0|3|1|3|26|27.27|81|10.45|2|73|75
9571|2012-02-08|1|1|2|17|0|3|1|3|24|25.76|87|10.45|8|147|155
9572|2012-02-08|1|1|2|18|0|3|1|3|24|25.76|87|10.45|4|163|167
9573|2012-02-08|1|1|2|19|0|3|1|3|24|25.76|87|10.45|3|158|161
9574|2012-02-08|1|1|2|20|0|3|1|3|24|24.24|87|13.43|3|122|125
9575|2012-02-08|1|1|2|21|0|3|1|3|24|22.73|87|19.4|3|126|129
9576|2012-02-08|1|1|2|22|0|3|1|2|24|24.24|87|13.43|3|95|98
9577|2012-02-08|1|1|2|23|0|3|1|2|24|24.24|87|16.42|3|57|60
9578|2012-02-09|1|1|2|0|0|4|1|2|24|24.24|87|16.42|3|23|26
9579|2012-02-09|1|1|2|1|0|4|1|2|24|24.24|87|13.43|2|10|12
9580|2012-02-09|1|1|2|2|0|4|1|1|22|22.73|80|13.43|0|2|2
9581|2012-02-09|1|1|2|3|0|4|1|1|22|21.21|80|28.36|0|4|4
9582|2012-02-09|1|1|2|4|0|4|1|2|22|19.7|75|44.78|0|1|1
9583|2012-02-09|1|1|2|5|0|4|1|1|20|18.18|75|28.36|0|18|18
9584|2012-02-09|1|1|2|6|0|4|1|1|20|18.18|75|28.36|1|75|76
9585|2012-02-09|1|1|2|7|0|4|1|1|20|19.7|69|25.37|4|263|267
9586|2012-02-09|1|1|2|8|0|4|1|1|20|19.7|64|25.37|11|473|484
9587|2012-02-09|1|1|2|9|0|4|1|1|20|19.7|59|22.39|9|229|238
9588|2012-02-09|1|1|2|10|0|4|1|1|22|21.21|51|22.39|7|90|97
9589|2012-02-09|1|1|2|11|0|4|1|1|24|22.73|52|22.39|4|95|99
9590|2012-02-09|1|1|2|12|0|4|1|1|26|22.73|48|32.84|10|148|158
9591|2012-02-09|1|1|2|13|0|4|1|1|30|27.27|42|32.84|10|144|154
9592|2012-02-09|1|1|2|14|0|4|1|1|32|30.3|39|29.85|18|126|144
9593|2012-02-09|1|1|2|15|0|4|1|1|32|30.3|36|29.85|14|120|134
9594|2012-02-09|1|1|2|16|0|4|1|1|34|33.33|36|0|15|223|238
9595|2012-02-09|1|1|2|17|0|4|1|1|34|33.33|34|13.43|12|387|399
9596|2012-02-09|1|1|2|18|0|4|1|1|34|33.33|31|16.42|13|404|417
9597|2012-02-09|1|1|2|19|0|4|1|1|32|33.33|33|10.45|8|287|295
9598|2012-02-09|1|1|2|20|0|4|1|1|32|34.85|36|0|2|197|199
9599|2012-02-09|1|1|2|21|0|4|1|1|30|31.82|52|8.96|8|169|177
9600|2012-02-09|1|1|2|22|0|4|1|2|30|33.33|56|0|3|104|107
9601|2012-02-09|1|1|2|23|0|4|1|2|30|33.33|52|0|9|75|84
9602|2012-02-10|1|1|2|0|0|5|1|2|28|30.3|65|8.96|4|39|43
9603|2012-02-10|1|1|2|1|0|5|1|2|28|30.3|61|8.96|2|11|13
9604|2012-02-10|1|1|2|2|0|5|1|1|26|28.79|52|8.96|7|9|16
9605|2012-02-10|1|1|2|3|0|5|1|1|26|28.79|56|8.96|0|5|5
9606|2012-02-10|1|1|2|4|0|5|1|1|26|28.79|56|8.96|0|2|2
9607|2012-02-10|1|1|2|5|0|5|1|1|24|22.73|52|22.39|0|17|17
9608|2012-02-10|1|1|2|6|0|5|1|1|20|19.7|59|19.4|3|61|64
9609|2012-02-10|1|1|2|7|0|5|1|1|20|21.21|59|16.42|5|225|230
9610|2012-02-10|1|1|2|8|0|5|1|1|20|21.21|59|16.42|1|447|448
9611|2012-02-10|1|1|2|9|0|5|1|1|22|22.73|55|16.42|10|265|275
9612|2012-02-10|1|1|2|10|0|5|1|2|26|27.27|48|13.43|5|119|124
9613|2012-02-10|1|1|2|11|0|5|1|2|28|28.79|45|10.45|19|134|153
9614|2012-02-10|1|1|2|12|0|5|1|2|30|30.3|42|13.43|8|168|176
9615|2012-02-10|1|1|2|13|0|5|1|2|30|31.82|42|8.96|22|170|192
9616|2012-02-10|1|1|2|14|0|5|1|2|32|33.33|39|8.96|8|138|146
9617|2012-02-10|1|1|2|15|0|5|1|2|32|33.33|45|13.43|27|164|191
9618|2012-02-10|1|1|2|16|0|5|1|2|34|31.82|42|25.37|28|240|268
9619|2012-02-10|1|1|2|17|0|5|1|2|34|33.33|42|19.4|15|381|396
9620|2012-02-10|1|1|2|18|0|5|1|3|30|30.3|61|13.43|14|345|359
9621|2012-02-10|1|1|2|19|0|5|1|2|32|34.85|57|0|16|246|262
9622|2012-02-10|1|1|2|20|0|5|1|2|32|34.85|57|0|7|144|151
9623|2012-02-10|1|1|2|21|0|5|1|2|32|33.33|66|8.96|14|108|122
9624|2012-02-10|1|1|2|22|0|5|1|2|32|34.85|66|0|11|102|113
9625|2012-02-10|1|1|2|23|0|5|1|2|30|31.82|70|8.96|1|64|65
9626|2012-02-11|1|1|2|0|0|6|0|2|30|30.3|70|13.43|3|50|53
9627|2012-02-11|1|1|2|1|0|6|0|3|28|28.79|81|13.43|2|43|45
9628|2012-02-11|1|1|2|2|0|6|0|3|26|25.76|81|19.4|2|24|26
9629|2012-02-11|1|1|2|3|0|6|0|3|24|22.73|87|22.39|0|9|9
9630|2012-02-11|1|1|2|4|0|6|0|3|24|22.73|87|22.39|0|4|4
9631|2012-02-11|1|1|2|5|0|6|0|3|22|22.73|93|16.42|0|2|2
9632|2012-02-11|1|1|2|6|0|6|0|3|22|22.73|93|13.43|1|8|9
9633|2012-02-11|1|1|2|7|0|6|0|3|22|22.73|93|13.43|0|19|19
9634|2012-02-11|1|1|2|8|0|6|0|3|22|22.73|93|13.43|1|77|78
9635|2012-02-11|1|1|2|9|0|6|0|3|22|24.24|93|10.45|5|85|90
9636|2012-02-11|1|1|2|10|0|6|0|3|22|24.24|93|10.45|23|143|166
9637|2012-02-11|1|1|2|11|0|6|0|2|24|25.76|81|10.45|26|157|183
9638|2012-02-11|1|1|2|12|0|6|0|2|26|25.76|81|16.42|25|196|221
9639|2012-02-11|1|1|2|13|0|6|0|2|26|24.24|81|28.36|18|217|235
9640|2012-02-11|1|1|2|14|0|6|0|2|26|24.24|81|25.37|38|205|243
9641|2012-02-11|1|1|2|15|0|6|0|2|30|27.27|61|29.85|12|112|124
9642|2012-02-11|1|1|2|16|0|6|0|3|22|19.7|75|41.79|12|134|146
9643|2012-02-11|1|1|2|17|0|6|0|3|22|18.18|69|46.27|13|131|144
9644|2012-02-11|1|1|2|18|0|6|0|2|22|18.18|47|65.67|3|105|108
9645|2012-02-11|1|1|2|19|0|6|0|2|20|15.15|40|55.22|2|85|87
9646|2012-02-11|1|1|2|20|0|6|0|2|16|12.12|43|55.22|1|62|63
9647|2012-02-11|1|1|2|21|0|6|0|1|14|7.58|43|64.18|5|43|48
9648|2012-02-11|1|1|2|22|0|6|0|2|14|10.61|39|38.81|0|46|46
9649|2012-02-11|1|1|2|23|0|6|0|3|12|7.58|50|49.25|0|20|20
9650|2012-02-12|1|1|2|0|0|0|0|3|10|7.58|68|38.81|0|21|21
9651|2012-02-12|1|1|2|1|0|0|0|3|8|4.55|79|46.27|0|24|24
9652|2012-02-12|1|1|2|2|0|0|0|2|10|6.06|58|58.21|1|26|27
9653|2012-02-12|1|1|2|3|0|0|0|2|10|4.55|46|68.66|0|14|14
9654|2012-02-12|1|1|2|4|0|0|0|2|10|4.55|46|71.64|0|1|1
9655|2012-02-12|1|1|2|5|0|0|0|1|10|7.58|49|38.81|0|3|3
9656|2012-02-12|1|1|2|6|0|0|0|1|10|7.58|49|38.81|0|2|2
9657|2012-02-12|1|1|2|7|0|0|0|1|8|9.09|53|19.4|0|18|18
9658|2012-02-12|1|1|2|8|0|0|0|1|8|7.58|53|25.37|0|26|26
9659|2012-02-12|1|1|2|9|0|0|0|1|10|9.09|49|29.85|3|60|63
9660|2012-02-12|1|1|2|10|0|0|0|1|12|10.61|42|35.82|8|83|91
9661|2012-02-12|1|1|2|11|0|0|0|1|12|10.61|42|29.85|3|121|124
9662|2012-02-12|1|1|2|12|0|0|0|1|14|7.58|39|64.18|7|133|140
9663|2012-02-12|1|1|2|13|0|0|0|1|16|12.12|40|44.78|10|128|138
9664|2012-02-12|1|1|2|14|0|0|0|1|16|12.12|40|52.24|9|102|111
9665|2012-02-12|1|1|2|15|0|0|0|1|16|12.12|40|55.22|5|150|155
9666|2012-02-12|1|1|2|16|0|0|0|1|20|16.67|34|46.27|16|148|164
9667|2012-02-12|1|1|2|17|0|0|0|1|18|15.15|37|41.79|4|83|87
9668|2012-02-12|1|1|2|18|0|0|0|1|16|12.12|40|46.27|4|92|96
9669|2012-02-12|1|1|2|19|0|0|0|1|16|13.64|40|28.36|2|78|80
9670|2012-02-12|1|1|2|20|0|0|0|1|14|12.12|42|32.84|1|56|57
9671|2012-02-12|1|1|2|21|0|0|0|1|14|12.12|43|29.85|0|36|36
9672|2012-02-12|1|1|2|22|0|0|0|1|14|15.15|43|16.42|0|28|28
9673|2012-02-12|1|1|2|23|0|0|0|1|14|13.64|43|22.39|0|23|23
9674|2012-02-13|1|1|2|0|0|1|1|1|14|13.64|46|22.39|0|9|9
9675|2012-02-13|1|1|2|1|0|1|1|1|12|12.12|50|22.39|0|6|6
9676|2012-02-13|1|1|2|2|0|1|1|1|14|13.64|46|19.4|0|4|4
9677|2012-02-13|1|1|2|3|0|1|1|1|12|15.15|54|10.45|0|1|1
9678|2012-02-13|1|1|2|4|0|1|1|1|12|16.67|54|8.96|0|2|2
9679|2012-02-13|1|1|2|5|0|1|1|1|10|12.12|58|13.43|0|17|17
9680|2012-02-13|1|1|2|6|0|1|1|1|10|10.61|54|22.39|1|71|72
9681|2012-02-13|1|1|2|7|0|1|1|1|10|10.61|54|19.4|1|194|195
9682|2012-02-13|1|1|2|8|0|1|1|1|10|12.12|54|13.43|4|413|417
9683|2012-02-13|1|1|2|9|0|1|1|1|12|13.64|50|19.4|7|198|205
9684|2012-02-13|1|1|2|10|0|1|1|1|14|15.15|50|13.43|1|70|71
9685|2012-02-13|1|1|2|11|0|1|1|1|22|22.73|37|19.4|5|85|90
9686|2012-02-13|1|1|2|12|0|1|1|1|28|25.76|28|32.84|7|111|118
9687|2012-02-13|1|1|2|13|0|1|1|1|32|30.3|22|22.39|11|129|140
9688|2012-02-13|1|1|2|14|0|1|1|1|34|34.85|23|10.45|10|125|135
9689|2012-02-13|1|1|2|15|0|1|1|1|36|34.85|27|13.43|10|145|155
9690|2012-02-13|1|1|2|16|0|1|1|1|36|34.85|23|19.4|5|206|211
9691|2012-02-13|1|1|2|17|0|1|1|1|36|34.85|23|19.4|8|399|407
9692|2012-02-13|1|1|2|18|0|1|1|1|34|31.82|25|25.37|6|399|405
9693|2012-02-13|1|1|2|19|0|1|1|1|34|33.33|25|13.43|7|256|263
9694|2012-02-13|1|1|2|20|0|1|1|1|30|30.3|42|16.42|4|210|214
9695|2012-02-13|1|1|2|21|0|1|1|1|28|28.79|45|13.43|2|145|147
9696|2012-02-13|1|1|2|22|0|1|1|1|26|27.27|56|10.45|3|99|102
9697|2012-02-13|1|1|2|23|0|1|1|1|28|31.82|41|0|2|34|36
9698|2012-02-14|1|1|2|0|0|2|1|2|26|30.3|60|0|0|14|14
9699|2012-02-14|1|1|2|1|0|2|1|2|26|30.3|56|0|0|6|6
9700|2012-02-14|1|1|2|2|0|2|1|2|28|31.82|41|0|0|3|3
9701|2012-02-14|1|1|2|3|0|2|1|2|26|30.3|52|0|0|3|3
9702|2012-02-14|1|1|2|4|0|2|1|2|26|27.27|65|10.45|0|2|2
9703|2012-02-14|1|1|2|5|0|2|1|2|26|27.27|65|10.45|2|20|22
9704|2012-02-14|1|1|2|6|0|2|1|2|26|30.3|56|0|1|89|90
9705|2012-02-14|1|1|2|7|0|2|1|2|24|25.76|60|8.96|4|276|280
9706|2012-02-14|1|1|2|8|0|2|1|2|24|28.79|70|0|3|510|513
9707|2012-02-14|1|1|2|9|0|2|1|2|26|28.79|56|8.96|6|256|262
9708|2012-02-14|1|1|2|10|0|2|1|2|26|27.27|60|13.43|8|90|98
9709|2012-02-14|1|1|2|11|0|2|1|2|30|30.3|45|16.42|5|107|112
9710|2012-02-14|1|1|2|12|0|2|1|2|30|28.79|52|22.39|10|162|172
9711|2012-02-14|1|1|2|13|0|2|1|2|36|33.33|40|25.37|6|167|173
9712|2012-02-14|1|1|2|14|0|2|1|1|40|40.91|40|22.39|13|111|124
9713|2012-02-14|1|1|2|15|0|2|1|2|42|42.42|38|44.78|7|138|145
9714|2012-02-14|1|1|2|16|0|2|1|1|42|42.42|35|29.85|15|251|266
9715|2012-02-14|1|1|2|17|0|2|1|1|42|42.42|38|35.82|19|504|523
9716|2012-02-14|1|1|2|18|0|2|1|2|38|39.39|46|29.85|8|398|406
9717|2012-02-14|1|1|2|19|0|2|1|2|36|34.85|50|16.42|11|270|281
9718|2012-02-14|1|1|2|20|0|2|1|2|38|39.39|46|13.43|6|178|184
9719|2012-02-14|1|1|2|21|0|2|1|2|36|36.36|50|10.45|4|105|109
9720|2012-02-14|1|1|2|22|0|2|1|2|36|36.36|50|10.45|5|72|77
9721|2012-02-14|1|1|2|23|0|2|1|2|36|36.36|50|8.96|2|55|57
9722|2012-02-15|1|1|2|0|0|3|1|1|32|34.85|57|0|0|22|22
9723|2012-02-15|1|1|2|1|0|3|1|1|34|36.36|53|0|0|5|5
9724|2012-02-15|1|1|2|2|0|3|1|1|30|33.33|61|0|0|4|4
9725|2012-02-15|1|1|2|3|0|3|1|1|28|31.82|75|0|0|3|3
9726|2012-02-15|1|1|2|4|0|3|1|1|28|28.79|70|10.45|0|1|1
9727|2012-02-15|1|1|2|5|0|3|1|1|28|28.79|70|10.45|0|25|25
9728|2012-02-15|1|1|2|6|0|3|1|1|30|30.3|61|13.43|3|92|95
9729|2012-02-15|1|1|2|7|0|3|1|2|30|28.79|65|19.4|3|318|321
9730|2012-02-15|1|1|2|8|0|3|1|1|32|28.79|61|35.82|7|508|515
9731|2012-02-15|1|1|2|9|0|3|1|1|32|30.3|61|32.84|5|226|231
9732|2012-02-15|1|1|2|10|0|3|1|1|34|30.3|57|29.85|12|108|120
9733|2012-02-15|1|1|2|11|0|3|1|1|36|33.33|53|28.36|13|125|138
9734|2012-02-15|1|1|2|12|0|3|1|1|38|39.39|46|38.81|11|152|163
9735|2012-02-15|1|1|2|13|0|3|1|1|40|40.91|43|28.36|11|159|170
9736|2012-02-15|1|1|2|14|0|3|1|1|42|42.42|41|35.82|6|128|134
9737|2012-02-15|1|1|2|15|0|3|1|1|42|42.42|41|22.39|7|164|171
9738|2012-02-15|1|1|2|16|0|3|1|1|42|42.42|38|19.4|9|222|231
9739|2012-02-15|1|1|2|17|0|3|1|1|42|42.42|38|19.4|17|470|487
9740|2012-02-15|1|1|2|18|0|3|1|1|40|40.91|40|22.39|9|459|468
9741|2012-02-15|1|1|2|19|0|3|1|1|38|39.39|43|16.42|9|302|311
9742|2012-02-15|1|1|2|20|0|3|1|1|36|34.85|46|16.42|4|207|211
9743|2012-02-15|1|1|2|21|0|3|1|1|34|33.33|53|16.42|8|170|178
9744|2012-02-15|1|1|2|22|0|3|1|1|34|34.85|49|10.45|3|104|107
9745|2012-02-15|1|1|2|23|0|3|1|1|34|34.85|53|8.96|4|54|58
9746|2012-02-16|1|1|2|0|0|4|1|2|30|30.3|70|13.43|1|22|23
9747|2012-02-16|1|1|2|1|0|4|1|2|30|33.33|70|0|0|5|5
9748|2012-02-16|1|1|2|2|0|4|1|2|30|31.82|70|8.96|1|6|7
9749|2012-02-16|1|1|2|3|0|4|1|2|30|33.33|61|0|0|1|1
9750|2012-02-16|1|1|2|4|0|4|1|3|30|31.82|70|8.96|0|3|3
9751|2012-02-16|1|1|2|5|0|4|1|2|30|33.33|70|0|0|20|20
9752|2012-02-16|1|1|2|6|0|4|1|2|30|31.82|70|8.96|4|83|87
9753|2012-02-16|1|1|2|7|0|4|1|2|30|30.3|70|13.43|3|285|288
9754|2012-02-16|1|1|2|8|0|4|1|2|30|31.82|70|8.96|9|489|498
9755|2012-02-16|1|1|2|9|0|4|1|2|30|30.3|70|16.42|3|199|202
9756|2012-02-16|1|1|2|10|0|4|1|3|32|33.33|70|13.43|2|42|44
9757|2012-02-16|1|1|2|11|0|4|1|3|32|33.33|70|10.45|2|69|71
9758|2012-02-16|1|1|2|12|0|4|1|3|32|33.33|76|8.96|1|44|45
9759|2012-02-16|1|1|2|13|0|4|1|3|34|31.82|71|25.37|2|62|64
9760|2012-02-16|1|1|2|14|0|4|1|3|32|31.82|81|19.4|1|30|31
9761|2012-02-16|1|1|2|15|0|4|1|3|34|36.36|76|0|3|50|53
9762|2012-02-16|1|1|2|16|0|4|1|3|34|36.36|81|0|8|110|118
9763|2012-02-16|1|1|2|17|0|4|1|3|34|36.36|87|0|8|281|289
9764|2012-02-16|1|1|2|18|0|4|1|3|34|33.33|87|13.43|8|345|353
9765|2012-02-16|1|1|2|19|0|4|1|2|32|31.82|87|16.42|4|254|258
9766|2012-02-16|1|1|2|20|0|4|1|2|32|33.33|87|13.43|5|211|216
9767|2012-02-16|1|1|2|21|0|4|1|2|34|34.85|81|10.45|3|142|145
9768|2012-02-16|1|1|2|22|0|4|1|2|32|34.85|81|0|3|108|111
9769|2012-02-16|1|1|2|23|0|4|1|1|32|33.33|81|8.96|3|70|73
9770|2012-02-17|1|1|2|0|0|5|1|2|30|33.33|87|0|2|32|34
9771|2012-02-17|1|1|2|1|0|5|1|2|30|33.33|93|0|2|16|18
9772|2012-02-17|1|1|2|2|0|5|1|2|30|31.82|93|10.45|1|11|12
9773|2012-02-17|1|1|2|3|0|5|1|2|28|28.79|93|10.45|0|1|1
9774|2012-02-17|1|1|2|4|0|5|1|2|28|27.27|93|19.4|0|1|1
9775|2012-02-17|1|1|2|5|0|5|1|2|28|27.27|93|16.42|0|16|16
9776|2012-02-17|1|1|2|6|0|5|1|2|28|28.79|96|13.43|1|70|71
9777|2012-02-17|1|1|2|7|0|5|1|2|28|28.79|93|10.45|4|222|226
9778|2012-02-17|1|1|2|8|0|5|1|2|26|30.3|100|0|4|516|520
9779|2012-02-17|1|1|2|9|0|5|1|2|26|30.3|100|0|8|275|283
9780|2012-02-17|1|1|2|10|0|5|1|1|34|31.82|71|28.36|13|103|116
9781|2012-02-17|1|1|2|11|0|5|1|1|36|33.33|62|41.79|9|133|142
9782|2012-02-17|1|1|2|12|0|5|1|1|38|39.39|46|38.81|21|177|198
9783|2012-02-17|1|1|2|13|0|5|1|1|40|40.91|43|35.82|34|171|205
9784|2012-02-17|1|1|2|14|0|5|1|1|40|40.91|37|35.82|33|137|170
9785|2012-02-17|1|1|2|15|0|5|1|1|42|42.42|35|41.79|41|180|221
9786|2012-02-17|1|1|2|16|0|5|1|1|42|42.42|32|29.85|56|251|307
9787|2012-02-17|1|1|2|17|0|5|1|1|42|42.42|32|32.84|36|429|465
9788|2012-02-17|1|1|2|18|0|5|1|1|40|40.91|35|25.37|15|362|377
9789|2012-02-17|1|1|2|19|0|5|1|1|38|39.39|37|22.39|16|266|282
9790|2012-02-17|1|1|2|20|0|5|1|1|40|40.91|35|19.4|13|158|171
9791|2012-02-17|1|1|2|21|0|5|1|1|38|39.39|37|19.4|15|114|129
9792|2012-02-17|1|1|2|22|0|5|1|1|36|34.85|40|22.39|15|92|107
9793|2012-02-17|1|1|2|23|0|5|1|1|36|34.85|40|19.4|10|72|82
9794|2012-02-18|1|1|2|0|0|6|0|1|34|33.33|42|16.42|5|81|86
9795|2012-02-18|1|1|2|1|0|6|0|1|32|31.82|49|16.42|7|38|45
9796|2012-02-18|1|1|2|2|0|6|0|1|30|28.79|61|25.37|6|39|45
9797|2012-02-18|1|1|2|3|0|6|0|1|28|28.79|65|10.45|3|15|18
9798|2012-02-18|1|1|2|4|0|6|0|1|26|30.3|70|0|3|4|7
9799|2012-02-18|1|1|2|5|0|6|0|1|24|25.76|70|8.96|0|1|1
9800|2012-02-18|1|1|2|6|0|6|0|1|24|28.79|70|0|1|8|9
9801|2012-02-18|1|1|2|7|0|6|0|1|24|28.79|70|0|8|33|41
9802|2012-02-18|1|1|2|8|0|6|0|1|22|27.27|87|0|10|92|102
9803|2012-02-18|1|1|2|9|0|6|0|1|22|24.24|80|10.45|22|116|138
9804|2012-02-18|1|1|2|10|0|6|0|1|26|27.27|81|10.45|48|157|205
9805|2012-02-18|1|1|2|11|0|6|0|1|32|33.33|57|13.43|102|184|286
9806|2012-02-18|1|1|2|12|0|6|0|1|36|34.85|43|19.4|128|241|369
9807|2012-02-18|1|1|2|13|0|6|0|1|40|40.91|43|28.36|165|219|384
9808|2012-02-18|1|1|2|14|0|6|0|1|44|43.94|35|35.82|183|244|427
9809|2012-02-18|1|1|2|15|0|6|0|1|42|42.42|41|25.37|229|270|499
9810|2012-02-18|1|1|2|16|0|6|0|1|44|43.94|44|32.84|186|218|404
9811|2012-02-18|1|1|2|17|0|6|0|1|48|46.97|36|28.36|142|222|364
9812|2012-02-18|1|1|2|18|0|6|0|1|46|45.45|38|29.85|70|176|246
9813|2012-02-18|1|1|2|19|0|6|0|1|44|43.94|44|16.42|38|150|188
9814|2012-02-18|1|1|2|20|0|6|0|1|44|43.94|44|16.42|25|123|148
9815|2012-02-18|1|1|2|21|0|6|0|1|44|43.94|33|29.85|25|89|114
9816|2012-02-18|1|1|2|22|0|6|0|1|40|40.91|40|44.78|17|101|118
9817|2012-02-18|1|1|2|23|0|6|0|2|36|33.33|40|38.81|12|62|74
9818|2012-02-19|1|1|2|0|0|0|0|2|34|30.3|39|35.82|9|65|74
9819|2012-02-19|1|1|2|1|0|0|0|2|32|30.3|39|25.37|10|62|72
9820|2012-02-19|1|1|2|2|0|0|0|2|30|28.79|36|28.36|3|45|48
9821|2012-02-19|1|1|2|3|0|0|0|2|30|28.79|36|22.39|3|12|15
9822|2012-02-19|1|1|2|4|0|0|0|2|28|25.76|41|38.81|0|3|3
9823|2012-02-19|1|1|2|5|0|0|0|2|26|22.73|48|29.85|1|1|2
9824|2012-02-19|1|1|2|6|0|0|0|1|24|21.21|52|32.84|0|5|5
9825|2012-02-19|1|1|2|7|0|0|0|2|24|21.21|52|28.36|2|12|14
9826|2012-02-19|1|1|2|8|0|0|0|2|24|22.73|56|19.4|8|48|56
9827|2012-02-19|1|1|2|9|0|0|0|2|24|22.73|56|25.37|20|73|93
9828|2012-02-19|1|1|2|10|0|0|0|2|26|24.24|52|25.37|49|142|191
9829|2012-02-19|1|1|2|11|0|0|0|2|26|22.73|56|32.84|82|144|226
9830|2012-02-19|1|1|2|12|0|0|0|2|28|27.27|52|25.37|71|184|255
9831|2012-02-19|1|1|2|13|0|0|0|1|30|30.3|49|16.42|64|197|261
9832|2012-02-19|1|1|2|14|0|0|0|2|32|31.82|45|19.4|48|189|237
9833|2012-02-19|1|1|2|15|0|0|0|2|30|28.79|49|19.4|85|168|253
9834|2012-02-19|1|1|2|16|0|0|0|2|32|30.3|45|28.36|62|150|212
9835|2012-02-19|1|1|2|17|0|0|0|2|30|28.79|49|25.37|22|135|157
9836|2012-02-19|1|1|2|18|0|0|0|2|30|27.27|49|32.84|23|144|167
9837|2012-02-19|1|1|2|19|0|0|0|2|30|28.79|52|25.37|18|101|119
9838|2012-02-19|1|1|2|20|0|0|0|2|30|28.79|52|28.36|22|81|103
9839|2012-02-19|1|1|2|21|0|0|0|3|26|25.76|65|16.42|3|33|36
9840|2012-02-19|1|1|2|22|0|0|0|3|24|25.76|75|8.96|8|47|55
9841|2012-02-19|1|1|2|23|0|0|0|2|22|22.73|93|16.42|5|30|35
9842|2012-02-20|1|1|2|0|1|1|0|2|24|25.76|87|8.96|5|36|41
9843|2012-02-20|1|1|2|1|1|1|0|2|24|25.76|87|8.96|3|12|15
9844|2012-02-20|1|1|2|2|1|1|0|2|24|25.76|87|8.96|1|19|20
9845|2012-02-20|1|1|2|3|1|1|0|2|24|22.73|81|19.4|0|8|8
9846|2012-02-20|1|1|2|5|1|1|0|2|24|21.21|60|35.82|0|6|6
9847|2012-02-20|1|1|2|6|1|1|0|1|24|19.7|52|41.79|1|9|10
9848|2012-02-20|1|1|2|7|1|1|0|2|22|19.7|55|32.84|2|42|44
9849|2012-02-20|1|1|2|8|1|1|0|1|20|18.18|59|35.82|9|111|120
9850|2012-02-20|1|1|2|9|1|1|0|1|20|18.18|59|35.82|12|98|110
9851|2012-02-20|1|1|2|10|1|1|0|1|22|19.7|55|44.78|30|113|143
9852|2012-02-20|1|1|2|11|1|1|0|1|26|22.73|48|35.82|45|163|208
9853|2012-02-20|1|1|2|12|1|1|0|1|28|27.27|45|22.39|65|216|281
9854|2012-02-20|1|1|2|13|1|1|0|1|30|28.79|42|28.36|66|246|312
9855|2012-02-20|1|1|2|14|1|1|0|1|32|31.82|36|19.4|57|206|263
9856|2012-02-20|1|1|2|15|1|1|0|1|34|31.82|34|22.39|54|235|289
9857|2012-02-20|1|1|2|16|1|1|0|1|36|37.88|29|10.45|64|216|280
9858|2012-02-20|1|1|2|17|1|1|0|1|38|39.39|27|25.37|27|226|253
9859|2012-02-20|1|1|2|18|1|1|0|1|34|31.82|34|22.39|27|215|242
9860|2012-02-20|1|1|2|19|1|1|0|1|34|31.82|34|22.39|8|164|172
9861|2012-02-20|1|1|2|20|1|1|0|1|34|33.33|34|19.4|9|117|126
9862|2012-02-20|1|1|2|21|1|1|0|1|30|30.3|39|16.42|8|90|98
9863|2012-02-20|1|1|2|22|1|1|0|1|30|31.82|45|8.96|9|53|62
9864|2012-02-20|1|1|2|23|1|1|0|1|30|33.33|39|0|0|26|26
9865|2012-02-21|1|1|2|0|0|2|1|1|26|30.3|65|0|1|11|12
9866|2012-02-21|1|1|2|1|0|2|1|1|26|30.3|56|0|0|7|7
9867|2012-02-21|1|1|2|2|0|2|1|1|24|28.79|60|0|0|3|3
9868|2012-02-21|1|1|2|4|0|2|1|1|22|27.27|64|0|0|2|2
9869|2012-02-21|1|1|2|5|0|2|1|1|20|25.76|69|0|0|15|15
9870|2012-02-21|1|1|2|6|0|2|1|1|20|25.76|75|0|3|83|86
9871|2012-02-21|1|1|2|7|0|2|1|1|22|27.27|64|0|6|273|279
9872|2012-02-21|1|1|2|8|0|2|1|1|20|22.73|69|8.96|5|459|464
9873|2012-02-21|1|1|2|9|0|2|1|1|20|22.73|75|10.45|6|211|217
9874|2012-02-21|1|1|2|10|0|2|1|1|24|22.73|70|19.4|8|77|85
9875|2012-02-21|1|1|2|11|0|2|1|2|26|24.24|70|28.36|5|81|86
9876|2012-02-21|1|1|2|12|0|2|1|2|30|27.27|56|38.81|16|147|163
9877|2012-02-21|1|1|2|13|0|2|1|1|34|30.3|49|41.79|8|123|131
9878|2012-02-21|1|1|2|14|0|2|1|2|32|28.79|53|38.81|16|108|124
9879|2012-02-21|1|1|2|15|0|2|1|1|34|30.3|49|41.79|23|137|160
9880|2012-02-21|1|1|2|16|0|2|1|1|36|33.33|46|41.79|14|240|254
9881|2012-02-21|1|1|2|17|0|2|1|1|38|39.39|40|44.78|21|411|432
9882|2012-02-21|1|1|2|18|0|2|1|1|38|39.39|40|44.78|11|414|425
9883|2012-02-21|1|1|2|19|0|2|1|1|36|33.33|46|29.85|5|299|304
9884|2012-02-21|1|1|2|20|0|2|1|1|34|31.82|53|25.37|4|223|227
9885|2012-02-21|1|1|2|21|0|2|1|1|34|33.33|61|16.42|7|147|154
9886|2012-02-21|1|1|2|22|0|2|1|2|34|33.33|71|19.4|3|97|100
9887|2012-02-21|1|1|2|23|0|2|1|1|32|30.3|66|22.39|1|46|47
9888|2012-02-22|1|1|2|0|0|3|1|1|32|30.3|66|22.39|5|19|24
9889|2012-02-22|1|1|2|1|0|3|1|1|32|33.33|70|13.43|3|4|7
9890|2012-02-22|1|1|2|2|0|3|1|1|34|31.82|66|28.36|1|5|6
9891|2012-02-22|1|1|2|3|0|3|1|2|34|31.82|71|22.39|1|3|4
9892|2012-02-22|1|1|2|4|0|3|1|1|34|33.33|71|16.42|0|2|2
9893|2012-02-22|1|1|2|5|0|3|1|1|32|33.33|70|10.45|1|29|30
9894|2012-02-22|1|1|2|6|0|3|1|1|32|31.82|76|16.42|5|85|90
9895|2012-02-22|1|1|2|7|0|3|1|1|32|33.33|76|8.96|10|292|302
9896|2012-02-22|1|1|2|8|0|3|1|1|30|31.82|75|8.96|9|567|576
9897|2012-02-22|1|1|2|9|0|3|1|1|32|33.33|70|8.96|11|241|252
9898|2012-02-22|1|1|2|10|0|3|1|1|34|34.85|71|8.96|17|122|139
9899|2012-02-22|1|1|2|11|0|3|1|1|36|34.85|66|16.42|22|149|171
9900|2012-02-22|1|1|2|12|0|3|1|1|40|40.91|62|28.36|21|186|207
9901|2012-02-22|1|1|2|13|0|3|1|1|42|42.42|54|29.85|15|175|190
9902|2012-02-22|1|1|2|14|0|3|1|1|44|43.94|54|32.84|35|142|177
9903|2012-02-22|1|1|2|15|0|3|1|1|50|48.48|31|41.79|34|161|195
9904|2012-02-22|1|1|2|16|0|3|1|1|52|50|29|46.27|30|268|298
9905|2012-02-22|1|1|2|17|0|3|1|1|52|50|32|38.81|43|486|529
9906|2012-02-22|1|1|2|18|0|3|1|2|48|46.97|41|32.84|42|483|525
9907|2012-02-22|1|1|2|19|0|3|1|2|46|45.45|44|28.36|22|305|327
9908|2012-02-22|1|1|2|20|0|3|1|2|44|43.94|47|19.4|25|249|274
9909|2012-02-22|1|1|2|21|0|3|1|2|48|46.97|33|28.36|19|220|239
9910|2012-02-22|1|1|2|22|0|3|1|2|44|43.94|47|25.37|18|129|147
9911|2012-02-22|1|1|2|23|0|3|1|2|46|45.45|41|28.36|5|57|62
9912|2012-02-23|1|1|2|0|0|4|1|2|44|43.94|47|25.37|12|30|42
9913|2012-02-23|1|1|2|1|0|4|1|2|44|43.94|58|28.36|3|12|15
9914|2012-02-23|1|1|2|2|0|4|1|2|44|43.94|62|22.39|5|4|9
9915|2012-02-23|1|1|2|3|0|4|1|3|44|43.94|67|19.4|2|4|6
9916|2012-02-23|1|1|2|4|0|4|1|1|40|40.91|76|22.39|0|1|1
9917|2012-02-23|1|1|2|5|0|4|1|1|40|40.91|76|22.39|2|30|32
9918|2012-02-23|1|1|2|6|0|4|1|1|36|34.85|87|19.4|3|88|91
9919|2012-02-23|1|1|2|7|0|4|1|1|36|34.85|81|22.39|9|317|326
9920|2012-02-23|1|1|2|8|0|4|1|1|34|33.33|87|19.4|11|549|560
9921|2012-02-23|1|1|2|9|0|4|1|1|36|33.33|81|25.37|14|228|242
9922|2012-02-23|1|1|2|10|0|4|1|1|42|42.42|67|19.4|41|107|148
9923|2012-02-23|1|1|2|11|0|4|1|1|48|46.97|48|28.36|54|128|182
9924|2012-02-23|1|1|2|12|0|4|1|1|50|48.48|42|25.37|25|199|224
9925|2012-02-23|1|1|2|13|0|4|1|1|52|50|39|19.4|30|188|218
9926|2012-02-23|1|1|2|14|0|4|1|1|54|51.52|37|25.37|36|156|192
9927|2012-02-23|1|1|2|15|0|4|1|1|54|51.52|33|13.43|46|171|217
9928|2012-02-23|1|1|2|16|0|4|1|1|56|53.03|32|0|45|298|343
9929|2012-02-23|1|1|2|17|0|4|1|1|54|51.52|32|16.42|49|561|610
9930|2012-02-23|1|1|2|18|0|4|1|1|54|51.52|37|13.43|36|486|522
9931|2012-02-23|1|1|2|19|0|4|1|1|50|48.48|39|8.96|20|349|369
9932|2012-02-23|1|1|2|20|0|4|1|1|46|45.45|44|13.43|23|246|269
9933|2012-02-23|1|1|2|21|0|4|1|1|44|43.94|51|22.39|17|205|222
9934|2012-02-23|1|1|2|22|0|4|1|1|44|43.94|54|25.37|19|118|137
9935|2012-02-23|1|1|2|23|0|4|1|1|44|43.94|54|0|14|71|85
9936|2012-02-24|1|1|2|0|0|5|1|2|44|43.94|58|8.96|12|34|46
9937|2012-02-24|1|1|2|1|0|5|1|1|44|43.94|62|19.4|3|15|18
9938|2012-02-24|1|1|2|2|0|5|1|3|42|42.42|77|28.36|1|4|5
9939|2012-02-24|1|1|2|3|0|5|1|1|42|42.42|82|13.43|0|5|5
9940|2012-02-24|1|1|2|4|0|5|1|1|40|40.91|87|13.43|0|2|2
9941|2012-02-24|1|1|2|5|0|5|1|2|40|40.91|87|19.4|1|25|26
9942|2012-02-24|1|1|2|6|0|5|1|2|40|40.91|87|16.42|2|80|82
9943|2012-02-24|1|1|2|7|0|5|1|2|40|40.91|76|22.39|7|265|272
9944|2012-02-24|1|1|2|8|0|5|1|2|38|39.39|76|32.84|17|452|469
9945|2012-02-24|1|1|2|9|0|5|1|3|36|33.33|81|25.37|15|229|244
9946|2012-02-24|1|1|2|10|0|5|1|3|36|34.85|81|16.42|22|119|141
9947|2012-02-24|1|1|2|11|0|5|1|2|36|36.36|81|10.45|27|136|163
9948|2012-02-24|1|1|2|12|0|5|1|2|40|40.91|76|13.43|27|201|228
9949|2012-02-24|1|1|2|13|0|5|1|2|42|42.42|71|10.45|30|153|183
9950|2012-02-24|1|1|2|14|0|5|1|2|46|45.45|67|10.45|5|26|31
9951|2012-02-24|1|1|2|15|0|5|1|3|40|40.91|87|19.4|11|83|94
9952|2012-02-24|1|1|2|16|0|5|1|3|40|40.91|87|19.4|12|166|178
9953|2012-02-24|1|1|2|17|0|5|1|3|42|42.42|94|10.45|14|242|256
9954|2012-02-24|1|1|2|18|0|5|1|2|42|42.42|94|0|11|289|300
9955|2012-02-24|1|1|2|19|0|5|1|2|44|43.94|88|10.45|6|227|233
9956|2012-02-24|1|1|2|20|0|5|1|1|44|43.94|62|41.79|8|159|167
9957|2012-02-24|1|1|2|21|0|5|1|1|42|42.42|35|80.6|1|151|152
9958|2012-02-24|1|1|2|22|0|5|1|1|40|40.91|37|58.21|4|102|106
9959|2012-02-24|1|1|2|23|0|5|1|1|38|39.39|37|68.66|10|76|86
9960|2012-02-25|1|1|2|0|0|6|0|1|36|33.33|43|38.81|5|56|61
9961|2012-02-25|1|1|2|1|0|6|0|1|34|30.3|42|35.82|4|42|46
9962|2012-02-25|1|1|2|2|0|6|0|1|32|30.3|45|25.37|1|37|38
9963|2012-02-25|1|1|2|3|0|6|0|1|30|27.27|45|29.85|0|7|7
9964|2012-02-25|1|1|2|4|0|6|0|1|30|27.27|42|32.84|0|2|2
9965|2012-02-25|1|1|2|5|0|6|0|2|30|27.27|42|29.85|0|3|3
9966|2012-02-25|1|1|2|6|0|6|0|2|30|27.27|42|29.85|1|12|13
9967|2012-02-25|1|1|2|7|0|6|0|1|28|24.24|45|44.78|3|20|23
9968|2012-02-25|1|1|2|8|0|6|0|1|26|22.73|48|29.85|3|90|93
9969|2012-02-25|1|1|2|9|0|6|0|3|22|19.7|75|32.84|15|107|122
9970|2012-02-25|1|1|2|10|0|6|0|1|26|22.73|60|35.82|24|159|183
9971|2012-02-25|1|1|2|11|0|6|0|1|30|25.76|39|61.19|23|187|210
9972|2012-02-25|1|1|2|12|0|6|0|1|32|27.27|29|65.67|41|217|258
9973|2012-02-25|1|1|2|13|0|6|0|1|32|28.79|31|49.25|48|178|226
9974|2012-02-25|1|1|2|14|0|6|0|1|32|27.27|29|55.22|35|181|216
9975|2012-02-25|1|1|2|15|0|6|0|1|32|28.79|29|41.79|21|211|232
9976|2012-02-25|1|1|2|16|0|6|0|1|32|27.27|26|58.21|32|163|195
9977|2012-02-25|1|1|2|17|0|6|0|1|30|27.27|33|35.82|16|143|159
9978|2012-02-25|1|1|2|18|0|6|0|1|30|25.76|28|58.21|7|126|133
9979|2012-02-25|1|1|2|19|0|6|0|1|26|21.21|33|44.78|12|137|149
9980|2012-02-25|1|1|2|20|0|6|0|1|26|21.21|30|55.22|10|95|105
9981|2012-02-25|1|1|2|21|0|6|0|1|24|21.21|35|32.84|5|80|85
9982|2012-02-25|1|1|2|22|0|6|0|1|24|19.7|38|46.27|4|78|82
9983|2012-02-25|1|1|2|23|0|6|0|1|24|19.7|41|41.79|7|84|91
9984|2012-02-26|1|1|2|0|0|0|0|1|24|21.21|41|35.82|7|63|70
9985|2012-02-26|1|1|2|1|0|0|0|1|24|21.21|44|32.84|5|50|55
9986|2012-02-26|1|1|2|2|0|0|0|1|24|21.21|44|32.84|5|37|42
9987|2012-02-26|1|1|2|3|0|0|0|1|24|22.73|41|19.4|0|21|21
9988|2012-02-26|1|1|2|4|0|0|0|1|24|22.73|41|19.4|1|5|6
9989|2012-02-26|1|1|2|5|0|0|0|1|22|21.21|44|22.39|0|5|5
9990|2012-02-26|1|1|2|6|0|0|0|1|22|19.7|44|32.84|0|2|2
9991|2012-02-26|1|1|2|7|0|0|0|1|20|18.18|51|29.85|2|20|22
9992|2012-02-26|1|1|2|8|0|0|0|1|20|19.7|51|25.37|2|57|59
9993|2012-02-26|1|1|2|9|0|0|0|1|22|21.21|47|22.39|11|76|87
9994|2012-02-26|1|1|2|10|0|0|0|1|26|25.76|41|16.42|27|161|188
9995|2012-02-26|1|1|2|11|0|0|0|1|28|25.76|41|28.36|43|184|227
9996|2012-02-26|1|1|2|12|0|0|0|1|30|30.3|39|13.43|49|256|305
9997|2012-02-26|1|1|2|13|0|0|0|1|32|33.33|36|0|58|267|325
9998|2012-02-26|1|1|2|14|0|0|0|1|34|34.85|31|0|68|263|331
9999|2012-02-26|1|1|2|15|0|0|0|1|36|34.85|29|0|72|281|353
10000|2012-02-26|1|1|2|16|0|0|0|1|36|33.33|32|25.37|64|275|339
10001|2012-02-26|1|1|2|17|0|0|0|1|36|34.85|32|22.39|46|241|287
10002|2012-02-26|1|1|2|18|0|0|0|1|34|31.82|36|28.36|17|199|216
10003|2012-02-26|1|1|2|19|0|0|0|1|34|33.33|34|16.42|13|130|143
10004|2012-02-26|1|1|2|20|0|0|0|1|32|31.82|42|16.42|9|79|88
10005|2012-02-26|1|1|2|21|0|0|0|1|30|30.3|45|13.43|8|75|83
10006|2012-02-26|1|1|2|22|0|0|0|1|30|28.79|42|22.39|3|68|71
10007|2012-02-26|1|1|2|23|0|0|0|1|26|25.76|56|16.42|5|59|64
10008|2012-02-27|1|1|2|0|0|1|1|1|26|24.24|60|25.37|2|27|29
10009|2012-02-27|1|1|2|1|0|1|1|1|26|25.76|65|22.39|0|6|6
10010|2012-02-27|1|1|2|2|0|1|1|1|26|22.73|70|29.85|0|4|4
10011|2012-02-27|1|1|2|3|0|1|1|1|24|24.24|75|16.42|0|2|2
10012|2012-02-27|1|1|2|4|0|1|1|1|22|22.73|80|13.43|0|1|1
10013|2012-02-27|1|1|2|5|0|1|1|1|22|22.73|80|13.43|0|16|16
10014|2012-02-27|1|1|2|6|0|1|1|1|24|22.73|70|25.37|1|89|90
10015|2012-02-27|1|1|2|7|0|1|1|1|24|22.73|60|22.39|2|278|280
10016|2012-02-27|1|1|2|8|0|1|1|1|24|24.24|60|0|14|514|528
10017|2012-02-27|1|1|2|9|0|1|1|1|26|25.76|60|19.4|11|219|230
10018|2012-02-27|1|1|2|10|0|1|1|1|32|30.3|45|25.37|16|88|104
10019|2012-02-27|1|1|2|11|0|1|1|1|36|33.33|43|25.37|11|92|103
10020|2012-02-27|1|1|2|12|0|1|1|1|40|40.91|37|29.85|13|164|177
10021|2012-02-27|1|1|2|13|0|1|1|1|40|40.91|43|28.36|23|159|182
10022|2012-02-27|1|1|2|14|0|1|1|1|46|45.45|36|28.36|24|134|158
10023|2012-02-27|1|1|2|15|0|1|1|1|52|50|25|41.79|24|150|174
10024|2012-02-27|1|1|2|16|0|1|1|1|54|51.52|26|44.78|20|266|286
10025|2012-02-27|1|1|2|17|0|1|1|1|54|51.52|24|44.78|26|503|529
10026|2012-02-27|1|1|2|18|0|1|1|1|52|50|27|41.79|10|517|527
10027|2012-02-27|1|1|2|19|0|1|1|1|50|48.48|29|38.81|16|318|334
10028|2012-02-27|1|1|2|20|0|1|1|1|48|46.97|33|35.82|11|208|219
10029|2012-02-27|1|1|2|21|0|1|1|1|46|45.45|36|28.36|14|181|195
10030|2012-02-27|1|1|2|22|0|1|1|1|44|43.94|44|25.37|9|83|92
10031|2012-02-27|1|1|2|23|0|1|1|1|42|42.42|50|16.42|6|50|56
10032|2012-02-28|1|1|2|0|0|2|1|1|42|42.42|54|13.43|0|10|10
10033|2012-02-28|1|1|2|1|0|2|1|1|38|39.39|62|16.42|0|6|6
10034|2012-02-28|1|1|2|2|0|2|1|1|40|40.91|54|10.45|1|2|3
10035|2012-02-28|1|1|2|3|0|2|1|1|40|40.91|32|35.82|0|6|6
10036|2012-02-28|1|1|2|4|0|2|1|1|32|28.79|42|35.82|0|2|2
10037|2012-02-28|1|1|2|5|0|2|1|1|32|28.79|42|35.82|1|20|21
10038|2012-02-28|1|1|2|6|0|2|1|1|30|27.27|45|32.84|1|100|101
10039|2012-02-28|1|1|2|7|0|2|1|1|28|25.76|45|29.85|12|313|325
10040|2012-02-28|1|1|2|8|0|2|1|1|26|24.24|48|28.36|16|543|559
10041|2012-02-28|1|1|2|9|0|2|1|1|28|25.76|45|35.82|7|225|232
10042|2012-02-28|1|1|2|10|0|2|1|1|30|27.27|42|29.85|14|118|132
10043|2012-02-28|1|1|2|11|0|2|1|1|34|31.82|36|25.37|8|155|163
10044|2012-02-28|1|1|2|12|0|2|1|1|36|34.85|34|13.43|19|164|183
10045|2012-02-28|1|1|2|13|0|2|1|1|36|36.36|32|10.45|16|174|190
10046|2012-02-28|1|1|2|14|0|2|1|1|40|40.91|28|10.45|13|121|134
10047|2012-02-28|1|1|2|15|0|2|1|1|42|42.42|26|8.96|17|149|166
10048|2012-02-28|1|1|2|16|0|2|1|1|42|42.42|28|8.96|17|270|287
10049|2012-02-28|1|1|2|17|0|2|1|1|42|42.42|26|8.96|33|497|530
10050|2012-02-28|1|1|2|18|0|2|1|1|42|42.42|28|16.42|17|432|449
10051|2012-02-28|1|1|2|19|0|2|1|1|42|42.42|26|0|15|291|306
10052|2012-02-28|1|1|2|20|0|2|1|1|40|40.91|30|13.43|2|202|204
10053|2012-02-28|1|1|2|21|0|2|1|1|34|34.85|46|10.45|10|178|188
10054|2012-02-28|1|1|2|22|0|2|1|1|34|34.85|46|10.45|6|95|101
10055|2012-02-28|1|1|2|23|0|2|1|1|32|30.3|53|22.39|4|61|65
10056|2012-02-29|1|1|2|0|0|3|1|1|32|33.33|53|10.45|2|30|32
10057|2012-02-29|1|1|2|1|0|3|1|1|32|33.33|49|10.45|0|6|6
10058|2012-02-29|1|1|2|2|0|3|1|1|30|28.79|56|22.39|0|4|4
10059|2012-02-29|1|1|2|3|0|3|1|1|28|30.3|70|8.96|0|2|2
10060|2012-02-29|1|1|2|5|0|3|1|1|26|28.79|75|8.96|0|29|29
10061|2012-02-29|1|1|2|6|0|3|1|2|28|30.3|75|8.96|4|100|104
10062|2012-02-29|1|1|2|7|0|3|1|2|26|27.27|81|13.43|11|242|253
10063|2012-02-29|1|1|2|8|0|3|1|2|28|28.79|75|10.45|2|114|116
10064|2012-02-29|1|1|2|9|0|3|1|3|30|30.3|81|16.42|5|33|38
10065|2012-02-29|1|1|2|10|0|3|1|3|30|30.3|81|16.42|0|10|10
10066|2012-02-29|1|1|2|11|0|3|1|3|30|28.79|87|19.4|1|9|10
10067|2012-02-29|1|1|2|12|0|3|1|3|32|30.3|93|32.84|1|69|70
10068|2012-02-29|1|1|2|13|0|3|1|2|36|33.33|93|35.82|4|72|76
10069|2012-02-29|1|1|2|14|0|3|1|2|36|33.33|93|35.82|2|54|56
10070|2012-02-29|1|1|2|15|0|3|1|2|40|40.91|82|28.36|3|87|90
10071|2012-02-29|1|1|2|16|0|3|1|3|40|40.91|82|22.39|5|162|167
10072|2012-02-29|1|1|2|17|0|3|1|2|40|40.91|87|16.42|7|246|253
10073|2012-02-29|1|1|2|18|0|3|1|3|40|40.91|87|0|11|181|192
10074|2012-02-29|1|1|2|19|0|3|1|2|40|40.91|87|10.45|0|102|102
10075|2012-02-29|1|1|2|20|0|3|1|3|42|42.42|88|16.42|2|95|97
10076|2012-02-29|1|1|2|21|0|3|1|3|42|42.42|88|16.42|0|39|39
10077|2012-02-29|1|1|2|22|0|3|1|3|42|42.42|94|25.37|2|53|55
10078|2012-02-29|1|1|2|23|0|3|1|3|42|42.42|94|25.37|3|30|33
