encounter_id,label
153096552,0
153098202,0
153101598,0
153103944,0
153116178,0
153117348,0
153119670,0
153124404,1
153126402,0
153131520,0
153136884,0
153138036,0
153139638,1
153148524,0
153149958,0
153151674,0
153154092,0
153154440,0
153156936,0
153157458,1
153160530,0
153164280,0
153166932,0
153167502,0
153170406,0
153174534,0
153177558,0
153178104,0
153181926,0
153182274,0
153182346,0
153182382,0
153182388,0
153182484,0
153182610,0
153183366,0
153184518,0
153190260,0
153194052,1
153196488,0
153196704,0
153198366,1
153203340,1
153210498,0
153213438,0
153230646,0
153233388,0
153234168,0
153247890,0
153248304,0
153258894,0
153259488,1
153260334,0
153261984,0
153264426,0
153269238,1
153272604,1
153272826,0
153273510,0
153274704,0
153274818,1
153276096,0
153278502,0
153278622,0
153279078,0
153279240,0
153283224,0
153289008,0
153289290,0
153291414,0
153292938,0
153297618,0
153297690,0
153298398,1
153298524,0
153298590,0
153298608,0
153298716,0
153301854,0
153301914,0
153301920,0
153303174,1
153303660,0
153303894,0
153304518,0
153304722,0
153305448,0
153308940,0
153309174,0
153310902,0
153312546,0
153315654,0
153323688,0
153326154,1
153334278,0
153341058,0
153343662,1
153356706,0
153358314,0
153358764,0
153358794,0
153358908,0
153360306,0
153360810,0
153368106,0
153369444,0
153371508,0
153374202,0
153379140,0
153383322,0
153387636,1
153388590,0
153388956,0
153390162,1
153392256,0
153394068,0
153394602,0
153398064,0
153400128,0
153401760,0
153402462,1
153402954,0
153403926,0
153404142,0
153404436,0
153404496,0
153406326,1
153406812,0
153407064,0
153407214,0
153408174,0
153408228,1
153408480,0
153409842,0
153410052,0
153410382,0
153411714,0
153412296,0
153412614,0
153412980,0
153414024,0
153414258,0
153415674,0
153416340,0
153416976,0
153417060,0
153417996,0
153418218,0
153418326,0
153418464,0
153421464,0
153438588,0
153442416,0
153443106,0
153464970,1
153466446,0
153469914,0
153479256,0
153480936,0
153482892,0
153488364,0
153488904,0
153489792,0
153490458,0
153490914,0
153491400,0
153491898,0
153493776,0
153494256,0
153495102,0
153497478,0
153498534,0
153499458,0
153499530,0
153500892,1
153501624,0
153502404,0
153502992,0
153503718,0
153504102,0
153504444,0
153506736,0
153507306,1
153508626,0
153508638,0
153509460,0
153511548,0
153512622,0
153513648,0
153513966,0
153515400,0
153515424,0
153516132,0
153516702,0
153517362,0
153530742,0
153534138,1
153534588,0
153539370,0
153542310,0
153542376,0
153542622,0
153543096,0
153543156,0
153543270,0
153543708,1
153543816,0
153544362,1
153545706,0
153547266,0
153547410,0
153547482,0
153547716,0
153548118,0
153548706,0
153548964,0
153549132,0
153549282,0
153549354,0
153549780,0
153550272,1
153550662,0
153551244,0
153551904,0
153552600,0
153554172,0
153554490,0
153554988,0
153556878,0
153557166,0
153558456,1
153559548,0
153560400,0
153560574,0
153560640,0
153561204,1
153561318,0
153561810,0
153562110,0
153562290,0
153565200,0
153565272,1
153567990,0
153568206,1
153568428,0
153568494,1
153568746,0
153569592,0
153570306,0
153570348,1
153570690,0
153571002,0
153572406,0
153573738,0
153574602,0
153576582,0
153577632,0
153578970,0
153579264,1
153579330,0
153579684,0
153580482,0
153580782,0
153580866,0
153581694,0
153584580,0
153588762,1
153591300,1
153593730,0
153597228,0
153614562,0
153618222,0
153619542,0
153622908,0
153628986,0
153633942,0
153636534,0
153645684,0
153646350,0
153652362,0
153653178,1
153655218,0
153658776,1
153661158,0
153663114,0
153663252,0
153663594,0
153665136,0
153667608,0
153670236,0
153672636,0
153672666,0
153673722,0
153673908,0
153674568,1
153676080,0
153678270,0
153678918,0
153680274,1
153681264,0
153683292,0
153683688,0
153684318,0
153684660,0
153684978,0
153687210,0
153688056,0
153688434,0
153688770,0
153689268,0
153689964,0
153693438,0
153698184,0
153701034,0
153703638,0
153703968,0
153704406,0
153705948,0
153706128,0
153706170,1
153706932,0
153706974,0
153707400,0
153707826,0
153708546,0
153712638,0
153716538,0
153716820,0
153720756,0
153726276,0
153728856,0
153729138,0
153734148,0
153745500,0
153754896,0
153757236,0
153760728,0
153770460,0
153772812,0
153775722,0
153775836,0
153776388,0
153777810,1
153779616,0
153785748,0
153788070,0
153789102,0
153789468,0
153791400,0
153791922,0
153792474,0
153793578,0
153796260,1
153797340,0
153797586,0
153799518,0
153801636,0
153801642,0
153801912,0
153801924,0
153802596,0
153804876,0
153805278,0
153807240,0
153807942,0
153808296,0
153808326,1
153808842,0
153809208,0
153809784,0
153812226,0
153812538,0
153812694,0
153813024,1
153813054,0
153816684,1
153820134,0
153820722,0
153821058,0
153821202,0
153821208,0
153821814,0
153821976,0
153821982,0
153825684,0
153827304,0
153827472,0
153829794,0
153829890,0
153833442,0
153833922,0
153834204,0
153836910,0
153837234,0
153838176,0
153840246,0
153857202,0
153858402,0
153861534,0
153863766,1
153865998,0
153871788,0
153872538,0
153879492,0
153883854,0
153885360,0
153886590,0
153889884,1
153890892,0
153892470,0
153892998,0
153897300,0
153901104,0
153905952,0
153907560,0
153908100,0
153909948,0
153915648,0
153916926,1
153921942,0
153922482,0
153924966,0
153926244,0
153928698,0
153929550,0
153931746,0
153931968,0
153932166,0
153932856,1
153933468,0
153933948,0
153934596,0
153934668,0
153934758,0
153936456,1
153936834,1
153938646,0
153939096,0
153940074,0
153940752,0
153940770,1
153947280,0
153947352,0
153957288,0
153957342,0
153964074,0
153964980,0
153971106,0
153972642,0
153974388,0
153974970,0
153979524,0
153982506,0
153985332,0
153988860,0
153989292,0
153992070,0
153992898,0
153993372,0
154000380,0
154002306,1
154004610,0
154004616,0
154008300,0
154008780,0
154010856,0
154011360,0
154011942,0
154017162,0
154018374,0
154020090,0
154020372,1
154021260,0
154021902,0
154023240,1
154024554,0
154025598,0
154027302,0
154028442,0
154031070,0
154031826,0
154035156,0
154036668,0
154037802,0
154038042,0
154038306,0
154042674,0
154043304,0
154043958,0
154044420,0
154044930,0
154045626,0
154055130,0
154060320,0
154071996,0
154083222,1
154083246,0
154084206,1
154085352,0
154091280,0
154094616,0
154094994,1
154096290,0
154098870,0
154102146,0
154102974,0
154106244,0
154109856,0
154110624,0
154110924,1
154114170,0
154114722,0
154116828,0
154118610,0
154118844,0
154119606,1
154119846,0
154120092,0
154120836,0
154121016,0
154121100,0
154122792,0
154123422,0
154124538,0
154124604,0
154126032,0
154126164,0
154126962,0
154127268,0
154128210,0
154128708,0
154131984,0
154133022,0
154134558,0
154134942,0
154135068,0
154135932,0
154136250,0
154137588,0
154138218,0
154138752,0
154139592,0
154140096,0
154141356,0
154145826,0
154147278,0
154148646,0
154153152,0
154154580,0
154157154,0
154157394,0
154157898,1
154157934,0
154157940,0
154159128,0
154159506,0
154161018,0
154162536,0
154162812,1
154162986,0
154163130,0
154164402,1
154165518,0
154167228,0
154168116,0
154168644,0
154169958,0
154171314,0
154173804,0
154174434,1
154176006,0
154177146,0
154177338,0
154177428,0
154177596,0
154178100,0
154178856,0
154179048,0
154179138,0
154179426,0
154181172,0
154181196,1
154182126,1
154182168,0
154182546,0
154182612,1
154183368,0
154184130,0
154185540,0
154185738,0
154186548,0
154187226,0
154187424,0
154187808,0
154187850,0
154188096,0
154188618,0
154190196,0
154190766,0
154191354,0
154193808,1
154194234,0
154194576,1
154195446,0
154196004,0
154196700,0
154196730,0
154196796,0
154197660,0
154197720,0
154197798,0
154198158,0
154198170,0
154198578,0
154200822,0
154201092,0
154201206,0
154201380,0
154209624,1
154215048,0
154215570,0
154219758,0
154221138,0
154224588,0
154227678,0
154229022,0
154229046,0
154230972,0
154235724,0
154236570,0
154240872,1
154244238,0
154244250,0
154246146,0
154249626,0
154250406,0
154251888,0
154252716,0
154256580,0
154257498,0
154257702,0
154261704,0
154262124,0
154263210,0
154264686,0
154265046,0
154267878,0
154268184,1
154272774,0
154273428,0
154277070,0
154278366,0
154279062,1
154284834,0
154287198,0
154290822,0
154290996,0
154293336,0
154294620,0
154297128,1
154298616,0
154300764,0
154303494,0
154308660,0
154309530,0
154309950,0
154315056,0
154315530,0
154315698,0
154316016,0
154316172,0
154320114,0
154320828,0
154321308,0
154324920,0
154327038,0
154327512,0
154340016,0
154350942,0
154352958,0
154357116,0
154358988,0
154360044,0
154360956,0
154367490,0
154367496,1
154368288,0
154368540,0
154368552,0
154369290,0
154372536,0
154374684,1
154376730,0
154379130,0
154379898,1
154380894,0
154384356,0
154385748,1
154390248,0
154398804,0
154403244,0
154404762,0
154405884,0
154406190,1
154406424,0
154406562,0
154408050,0
154408506,0
154410402,0
154412550,1
154413462,0
154414230,0
154417602,0
154417782,1
154418088,0
154418292,0
154418514,0
154420884,0
154421292,1
154422786,0
154423878,0
154424382,0
154424658,1
154427160,0
154428510,0
154428630,0
154430700,0
154431306,0
154431528,0
154431990,0
154432488,0
154433634,0
154433952,0
154434270,0
154437948,0
154438326,0
154441224,0
154442850,0
154443036,0
154452996,0
154457766,0
154461306,0
154462110,0
154476384,0
154479366,0
154480452,0
154480650,0
154483722,0
154487100,0
154494228,0
154498764,0
154502640,0
154505130,0
154509276,0
154509534,0
154512036,0
154512282,0
154515840,0
154517382,0
154518060,0
154518408,0
154520250,0
154523652,0
154523742,0
154524720,1
154525818,0
154526688,0
154527120,0
154527444,0
154533348,0
154534350,0
154535400,0
154536954,0
154537260,0
154537602,1
154537608,0
154537728,0
154541076,0
154541820,0
154542186,0
154543566,0
154545666,0
154545768,0
154546026,1
154547556,1
154548162,0
154548282,0
154549920,0
154558326,0
154559142,0
154564014,0
154572456,0
154584210,1
154585392,0
154585488,0
154585494,0
154586730,0
154587618,0
154589094,1
154589928,0
154590960,0
154594440,0
154594848,0
154596456,0
154601454,0
154602264,0
154603800,0
154608402,0
154614510,0
154616790,0
154617552,0
154620180,0
154620690,0
154629564,0
154629852,0
154630326,0
154630602,0
154630698,0
154631544,0
154633278,0
154634724,0
154635030,0
154635168,0
154635882,0
154638822,0
154638888,0
154639392,0
154640958,0
154643868,0
154645350,1
154645524,0
154648554,0
154664010,0
154666416,0
154667502,0
154669794,0
154679016,0
154686372,0
154691826,0
154692924,0
154693104,1
154694214,0
154694328,0
154695138,0
154695144,0
154695708,0
154696110,0
154698072,0
154699470,0
154699782,0
154700352,1
154705374,0
154705494,0
154708422,1
154710558,0
154710612,0
154711560,0
154713438,0
154713708,0
154715298,0
154716330,0
154717596,0
154717974,0
154718670,0
154718916,0
154718970,0
154720704,0
154724436,0
154725258,1
154725696,0
154725840,1
154725924,1
154726764,0
154727370,0
154729224,0
154730196,1
154730346,0
154731228,0
154736124,0
154739622,0
154740618,0
154742028,0
154746396,0
154746768,0
154747032,0
154747164,0
154747674,0
154748916,0
154749510,0
154749678,0
154750878,0
154752186,0
154753080,0
154753152,0
154754928,0
154755660,0
154756362,0
154757808,0
154758102,0
154758180,0
154758594,0
154758822,0
154759332,0
154760358,0
154760622,0
154760742,0
154761726,0
154763322,0
154763682,0
154763730,0
154765656,0
154766076,0
154767222,0
154767504,0
154767828,0
154768074,1
154769466,0
154771530,0
154771776,0
154773492,0
154773612,0
154773750,0
154775544,0
154776216,0
154776414,0
154777020,0
154777068,0
154777854,0
154778316,0
154778448,0
154779228,0
154779516,0
154779828,0
154780590,0
154780692,0
154784370,0
154784754,0
154785924,0
154786836,0
154786884,1
154788906,0
154792224,0
154796958,0
154799748,0
154803918,0
154812810,0
154829436,0
154830054,0
154833762,0
154835958,0
154837320,0
154839024,1
154839072,0
154842594,0
154843080,0
154843344,0
154844772,0
154845270,0
154845414,0
154848252,0
154852614,0
154852944,0
154853046,1
154856394,0
154861032,0
154861158,0
154863594,0
154864434,0
154866012,0
154867836,0
154869780,0
154871532,1
154871886,0
154872450,0
154872678,1
154875282,0
154876116,1
154876710,0
154878102,0
154878372,0
154879134,0
154879182,0
154886172,0
154886400,0
154886580,0
154887756,0
154889160,0
154890864,0
154891644,0
154892592,0
154892892,0
154895682,0
154896156,0
154902180,1
154902720,0
154903272,0
154903518,0
154903602,1
154903818,0
154903920,1
154904220,0
154905288,0
154908732,0
154909524,0
154911108,0
154911978,1
154916052,0
154924974,0
154925430,0
154937796,0
154944828,0
154950354,0
154951128,0
154957272,0
154957560,1
154959708,0
154960278,0
154960410,0
154961730,0
154962672,1
154973820,1
154973952,0
154975344,0
154991250,0
154993212,0
154994094,0
154994880,0
154995162,0
154995240,0
154995534,0
154996674,1
154996746,0
154999410,0
155000538,0
155000736,0
155001264,0
155005488,0
155005722,0
155006964,0
155007444,0
155007786,0
155008332,0
155008860,0
155009424,0
155009706,0
155009880,1
155010240,1
155010402,0
155012886,0
155013126,0
155013570,0
155013864,0
155014578,0
155015094,0
155016852,0
155017446,0
155017848,0
155021622,0
155022870,0
155026734,0
155060904,0
155062734,0
155063886,0
155067336,0
155069574,0
155072034,0
155072304,0
155075652,0
155076060,0
155077182,0
155080506,0
155084772,0
155085564,0
155087364,0
155088024,0
155091792,0
155092038,0
155093268,0
155095572,0
155099190,0
155099640,0
155101038,1
155101356,0
155101404,0
155102832,0
155103228,0
155103774,0
155104350,0
155107710,0
155107926,0
155107938,0
155108460,0
155109240,0
155109774,1
155113224,0
155113518,0
155114964,0
155116818,0
155117316,0
155118288,0
155118432,0
155118600,0
155120220,0
155120268,0
155120730,0
155120736,0
155120856,1
155122542,0
155122998,0
155123622,0
155123634,0
155124984,0
155125080,0
155125086,0
155129052,0
155130558,0
155135034,0
155136900,0
155147700,0
155157408,0
155168052,0
155169234,0
155170476,1
155173368,1
155173608,0
155174700,0
155177670,0
155178306,0
155179650,0
155179710,0
155180400,1
155182182,0
155182920,0
155184696,1
155185470,0
155186532,0
155189118,0
155190876,0
155194110,0
155196420,0
155203422,0
155204226,0
155209842,0
155210802,0
155211300,0
155214288,0
155214324,0
155215002,0
155215776,0
155216322,0
155216790,0
155217408,0
155217726,1
155217762,0
155218734,0
155218932,0
155219328,0
155219550,0
155219790,0
155221368,0
155221416,0
155221692,0
155222928,0
155225118,1
155225226,1
155225658,0
155226240,0
155226330,0
155226552,0
155227122,0
155230626,1
155230842,0
155231958,0
155232762,0
155232768,0
155233302,0
155234214,0
155234694,0
155235690,0
155247786,1
155247900,0
155248470,0
155252202,0
155259894,0
155263122,0
155272062,0
155272560,0
155275194,0
155275404,0
155276880,0
155278794,0
155280096,0
155282106,0
155284872,0
155285526,0
155286312,0
155287218,0
155288394,0
155297376,0
155302956,0
155306466,0
155307288,0
155312436,0
155314314,0
155314932,0
155316492,0
155317242,0
155319690,0
155321232,0
155323272,0
155326260,0
155327880,0
155328402,0
155328534,1
155330388,0
155330586,0
155330628,0
155331390,0
155332032,0
155332158,0
155333052,0
155333298,0
155333874,0
155333934,0
155334480,0
155335842,0
155340096,0
155346924,0
155349402,0
155350038,0
155351766,1
155352474,1
155354958,1
155355114,1
155355486,0
155358072,0
155358852,0
155359386,0
155359422,0
155360520,0
155361276,0
155361534,1
155361582,0
155361978,0
155362482,0
155362680,0
155362836,0
155362866,0
155363286,0
155363346,0
155363394,0
155363874,0
155364306,0
155365272,0
155365320,0
155365326,0
155365578,0
155366064,0
155366472,0
155366934,0
155367108,0
155367318,0
155367360,0
155367528,0
155367534,0
155367672,1
155368386,0
155368836,0
155369304,0
155370750,1
155371110,0
155371476,0
155371680,0
155372814,0
155373156,0
155373300,0
155373384,0
155374164,0
155375880,0
155376714,1
155377290,0
155377410,0
155377632,0
155378028,0
155378100,0
155378568,0
155378862,0
155379036,0
155379246,0
155380266,0
155380434,0
155380458,1
155380986,0
155381214,0
155381298,0
155382276,0
155382492,0
155383296,0
155383704,0
155383932,0
155385456,0
155385612,0
155386068,0
155386152,0
155386158,0
155386596,0
155387046,0
155387166,0
155387196,0
155387280,0
155387484,0
155387514,0
155387664,1
155390832,0
155391654,0
155392608,0
155393880,0
155396424,0
155398302,1
155404854,0
155405406,0
155410110,0
155410338,0
155412918,0
155417592,0
155417694,0
155418024,0
155418300,0
155421150,0
155422050,0
155422146,0
155423694,0
155424822,0
155425026,0
155426262,0
155427534,0
155428848,0
155443134,0
155446482,1
155446566,0
155449188,0
155450814,0
155451246,0
155457408,0
155457882,0
155457900,0
155459568,1
155462922,0
155463630,1
155464026,1
155465772,0
155468094,0
155468520,0
155469054,0
155471568,0
155472666,0
155475204,0
155475216,0
155475768,0
155476800,0
155477064,0
155477586,0
155477628,0
155478138,0
155479098,0
155481228,0
155482410,0
155482698,0
155484258,0
155484462,0
155488188,0
155488644,0
155492124,0
155495958,0
155496036,1
155498376,0
155499714,0
155506404,1
155510448,0
155520960,0
155524770,0
155526360,0
155527626,0
155527914,0
155528232,0
155538324,0
155539026,0
155541264,0
155541876,0
155541972,0
155543562,0
155543880,1
155548104,0
155549202,0
155550000,0
155552568,0
155552958,1
155555292,0
155555790,1
155560242,0
155562786,0
155563152,0
155565792,0
155566200,0
155566674,0
155567526,0
155568318,0
155568726,0
155568792,0
155569410,0
155569518,0
155570022,1
155570370,0
155571366,0
155574630,0
155574702,0
155574720,0
155574768,0
155575734,0
155578056,0
155578104,0
155578326,0
155578962,0
155581686,0
155582040,0
155582136,0
155582202,0
155582598,0
155583198,0
155585514,0
155586054,0
155586138,0
155586318,0
155586384,0
155586984,0
155587656,0
155587926,0
155592132,0
155592162,1
155594010,0
155595036,0
155598828,0
155609886,0
155612958,0
155617518,0
155618112,0
155619912,0
155624124,0
155626938,0
155628186,1
155634678,0
155634690,0
155635434,0
155635608,0
155636406,0
155646654,0
155647062,0
155647344,1
155647536,0
155648850,0
155649162,0
155649570,0
155651700,1
155653350,1
155654718,0
155656140,1
155656848,0
155660364,1
155661810,0
155663490,0
155665602,0
155666910,0
155670138,0
155670216,0
155670612,0
155673510,1
155675460,0
155676030,0
155676840,0
155677026,0
155677116,1
155678574,0
155681352,0
155681808,0
155681814,0
155682816,0
155684532,0
155684778,1
155684952,0
155685102,0
155688294,0
155689062,0
155689548,0
155689956,0
155691162,0
155691990,0
155692080,0
155692314,0
155696574,0
155698062,0
155700750,0
155701992,0
155702562,0
155702976,0
155704350,0
155712900,0
155715150,0
155722590,0
155723166,0
155726622,0
155730924,0
155735334,0
155735502,0
155742078,0
155743998,1
155745642,0
155750268,0
155751300,0
155751924,0
155752728,0
155754474,0
155758560,0
155762988,0
155768340,0
155771130,0
155771586,0
155773656,0
155774976,0
155777970,0
155777976,0
155779584,0
155780286,0
155782884,0
155784384,0
155785044,0
155786814,0
155787672,0
155788386,0
155788548,0
155788860,0
155789010,0
155790312,0
155792304,0
155792556,0
155793588,0
155799504,0
155800086,1
155800422,0
155803746,0
155804436,0
155805642,0
155805960,1
155806314,1
155834070,0
155834112,0
155835000,0
155836254,0
155843070,0
155861088,0
155862006,0
155863950,0
155867874,0
155868522,0
155869806,0
155873538,0
155876994,0
155880402,1
155880750,1
155881314,0
155884152,0
155884806,0
155887242,0
155887392,1
155887794,0
155888178,0
155890080,0
155890296,0
155891598,0
155895900,0
155896014,0
155896704,0
155897688,0
155898066,0
155898420,0
155898804,0
155900436,0
155900466,1
155901348,0
155902584,0
155902590,0
155902752,0
155902866,0
155903634,0
155903652,0
155904372,0
155904564,0
155904960,0
155911134,0
155915778,0
155918064,0
155918106,0
155919114,0
155920002,0
155921694,0
155921880,0
155922438,0
155924298,1
155925144,0
155926800,0
155927208,0
155927544,0
155927622,1
155928942,0
155929080,0
155929416,0
155929656,0
155930334,0
155930658,0
155931372,1
155931684,0
155933724,0
155933880,0
155934234,0
155934444,0
155934552,1
155934714,0
155934846,0
155936928,0
155937054,0
155937516,0
155937690,0
155938962,0
155939088,0
155940246,0
155941218,0
155941476,0
155942778,0
155943690,0
155944764,0
155945652,0
155945790,0
155947758,0
155949294,0
155950128,0
155950566,1
155950650,0
155950824,0
155951004,0
155951532,0
155951556,0
155952354,0
155952552,0
155953362,0
155954058,0
155954436,0
155954814,0
155955972,1
155956578,0
155957904,0
155959002,0
155960292,0
155960880,0
155960958,0
155961012,0
155961024,0
155961906,0
155962146,0
155962380,0
155963082,0
155963196,0
155963388,0
155963412,0
155964132,0
155964336,0
155964720,0
155964894,0
155965104,0
155965392,0
155967852,0
155968920,0
155976024,0
155978568,0
155985378,0
155988054,0
155989572,0
155996334,0
155998410,0
155998896,1
156000744,0
156001482,0
156004110,0
156004194,0
156006414,0
156008022,0
156008520,0
156009192,0
156009444,0
156009864,0
156009936,0
156013104,0
156014358,0
156018354,1
156018594,0
156018720,0
156018876,0
156020178,0
156022374,0
156022968,0
156023232,0
156024384,1
156025194,0
156026604,0
156027090,0
156027354,0
156028110,0
156028812,0
156028872,0
156029214,0
156029244,0
156031920,0
156032322,0
156032886,0
156033360,0
156034104,0
156034326,0
156034758,0
156034896,0
156034968,0
156035730,0
156036000,0
156039156,1
156039162,0
156039612,0
156039972,0
156043626,1
156047634,0
156056826,0
156057360,0
156061110,0
156064410,0
156067194,0
156069456,0
156071712,0
156075624,0
156078714,1
156081246,0
156083280,0
156088392,0
156089214,0
156089772,1
156092754,0
156093750,1
156097752,0
156098454,0
156098682,0
156099918,0
156102900,0
156109182,0
156109674,0
156109806,0
156117126,0
156118278,0
156125526,0
156126312,0
156128304,0
156129228,0
156131376,0
156131394,0
156131796,0
156133050,0
156134178,0
156134742,0
156137568,0
156137814,0
156139416,0
156139872,1
156139938,1
156140904,0
156142020,0
156142494,0
156142884,0
156144624,1
156144864,0
156146280,0
156146838,0
156147030,0
156147486,0
156148212,1
156148260,0
156148488,0
156149088,0
156149166,0
156149292,0
156151230,0
156151908,0
156155868,0
156156336,0
156159648,0
156159984,0
156160176,0
156171708,0
156178626,0
156182982,0
156184020,0
156184824,0
156186246,0
156188478,0
156194166,0
156195558,0
156202128,1
156203310,0
156204510,0
156207228,0
156208062,0
156209274,0
156217728,1
156219930,0
156224436,0
156226062,0
156226758,0
156228336,1
156230946,0
156232536,0
156235464,1
156239856,0
156244782,0
156245040,0
156246990,0
156249186,0
156249378,0
156249624,0
156250356,0
156250932,0
156251154,0
156253602,0
156255222,0
156256134,0
156259524,0
156260688,0
156260712,0
156261924,0
156262620,0
156262932,0
156262944,0
156263298,0
156265176,0
156266202,0
156267810,0
156267864,0
156268140,0
156268698,0
156273114,0
156273906,0
156274512,0
156275394,0
156277458,1
156290484,0
156309780,0
156317244,0
156320598,0
156320832,0
156321108,0
156323412,0
156324102,0
156324438,0
156325914,0
156333840,0
156334632,0
156336108,0
156336546,0
156344808,1
156345252,0
156346794,0
156350442,0
156351696,0
156352926,0
156355290,0
156355404,0
156355740,1
156358776,0
156360066,0
156360216,0
156360504,0
156360546,0
156363678,0
156365130,1
156366090,1
156369432,0
156369624,0
156371514,0
156374010,0
156374526,0
156374844,0
156376668,1
156377880,1
156378024,0
156380262,1
156380328,0
156381930,1
156382272,0
156383538,0
156384336,0
156384954,0
156385290,0
156385896,0
156386130,0
156391920,0
156393582,0
156394692,0
156395106,0
156402174,0
156404544,0
156405534,0
156408216,0
156409146,0
156414486,0
156417486,0
156419028,0
156422688,0
156426516,0
156432858,1
156434124,0
156437160,0
156437952,0
156439350,0
156439986,0
156443142,0
156443628,0
156445848,1
156448104,0
156448794,1
156450864,0
156457746,0
156458376,0
156460218,0
156462096,0
156464712,0
156467052,0
156472614,0
156473040,0
156474054,1
156474576,1
156475092,0
156475704,1
156475824,0
156476352,0
156476706,0
156478020,1
156478236,0
156480726,0
156481020,0
156482328,0
156483480,0
156484632,0
156484704,0
156485922,0
156486930,0
156487536,1
156487596,0
156487656,0
156487758,0
156488040,0
156488118,0
156488574,0
156488898,0
156491382,0
156501060,0
156502062,0
156502746,0
156505302,0
156505488,0
156507510,0
156508710,0
156511248,0
156511398,0
156513114,0
156514674,0
156514746,0
156515136,0
156515586,0
156516612,0
156516876,0
156517950,0
156518022,0
156518640,0
156519078,0
156520146,0
156521448,0
156522390,0
156522612,0
156523320,1
156523770,0
156524490,0
156524634,0
156524778,0
156525222,0
156525420,0
156525600,0
156525822,0
156525870,0
156526002,0
156527592,1
156528990,0
156529752,0
156530928,0
156530970,1
156533760,0
156534816,0
156535278,0
156535422,0
156535554,0
156535884,1
156536232,0
156536460,1
156537402,0
156538158,0
156538314,0
156538440,1
156538446,0
156538818,0
156539352,0
156539832,0
156539928,0
156540102,0
156541044,0
156541512,0
156543708,0
156544170,0
156544194,0
156544812,0
156544908,1
156548424,0
156549084,0
156549240,0
156549396,0
156550476,0
156551202,0
156555798,0
156557310,0
156559272,0
156560052,0
156561426,0
156563664,1
156563670,0
156564558,0
156564828,0
156567456,0
156569286,0
156572340,0
156572358,0
156573708,1
156574572,0
156576390,0
156576606,0
156579246,0
156581160,0
156586956,0
156589764,0
156594564,0
156597264,0
156597894,0
156604566,0
156613002,0
156613578,0
156616620,0
156619212,0
156619788,0
156620790,0
156625446,0
156627498,0
156630012,0
156631956,0
156634650,0
156636552,0
156636570,0
156638838,0
156640740,0
156643446,0
156650334,0
156652236,0
156656412,0
156657378,0
156658308,0
156660312,0
156660498,0
156661410,0
156662112,0
156662844,0
156663738,0
156664362,1
156664452,0
156664572,1
156666018,0
156667440,0
156667950,0
156668208,0
156668898,1
156669054,0
156669774,1
156671430,0
156672312,0
156672690,0
156672948,0
156674022,0
156674178,0
156674322,0
156675138,1
156677874,0
156677964,1
156678372,0
156678522,0
156678780,0
156680970,0
156681162,0
156687018,1
156692616,0
156707778,0
156711252,0
156725226,1
156732594,0
156734856,0
156743136,0
156744708,1
156745164,0
156747552,0
156749124,1
156750138,0
156751650,0
156752370,0
156754536,0
156756906,0
156757302,0
156758736,0
156765996,0
156767166,0
156771624,1
156772902,0
156775422,0
156778830,0
156779034,0
156779052,0
156780090,0
156782046,0
156782700,0
156787446,0
156791322,0
156792798,1
156792882,0
156793698,0
156793956,0
156793998,0
156794706,0
156794796,1
156794832,0
156795414,1
156795804,0
156795978,0
156799872,0
156800748,0
156801222,0
156801918,0
156801954,1
156803070,0
156803886,0
156803898,0
156804006,0
156806736,0
156812964,1
156825432,0
156830160,1
156832842,0
156835086,0
156850728,0
156851052,0
156851574,0
156856098,0
156860796,0
156861216,1
156865458,0
156866064,0
156866154,0
156872934,0
156875976,0
156875988,0
156880608,0
156882336,0
156886914,0
156888660,0
156890682,1
156893586,0
156895164,0
156897012,1
156898512,0
156899958,0
156900972,0
156902946,0
156906270,0
156907572,0
156907578,0
156908172,0
156909384,0
156909654,0
156911118,0
156911658,0
156911964,0
156914034,1
156914802,0
156915282,0
156915888,0
156916548,0
156918312,0
156918846,0
156919968,0
156920046,0
156921210,0
156922242,0
156922944,0
156927606,0
156927732,0
156929634,0
156929904,0
156936846,0
156942948,0
156948846,0
156965220,0
156971394,0
156971694,0
156976956,0
156978462,0
156979302,0
156980280,0
156981288,0
156987558,0
156988518,0
156988866,0
156989352,0
156991350,0
156991692,0
156992256,0
156996510,1
156998286,1
157000452,1
157001526,0
157004688,0
157007700,0
157011852,0
157013148,0
157013592,0
157014372,0
157015044,0
157015872,0
157018056,0
157018170,1
157018254,0
157019436,0
157019676,0
157019964,1
157020522,0
157023846,0
157024212,0
157024218,0
157024416,0
157024644,0
157025886,0
157026978,0
157028052,0
157028802,0
157029060,0
157030686,0
157031016,0
157033500,0
157036566,0
157037166,0
157056174,0
157056516,0
157057482,0
157057650,0
157061310,0
157061472,0
157068294,0
157068930,0
157069932,0
157070394,0
157073010,0
157073106,0
157073748,0
157076346,0
157086078,0
157086936,0
157089192,0
157089894,0
157090074,0
157091070,0
157091136,0
157091310,0
157091574,1
157093362,1
157095588,0
157099842,0
157100070,1
157100208,0
157101312,0
157101336,1
157102026,0
157102380,1
157102578,0
157104042,0
157104210,0
157104996,0
157105272,1
157105824,0
157105926,0
157106418,0
157107144,0
157109856,0
157110282,0
157111248,0
157111950,1
157113024,1
157113324,1
157113438,0
157113444,0
157113888,0
157114644,0
157114656,1
157115268,0
157115634,0
157116228,1
157116336,0
157116924,0
157117002,0
157117596,0
157118322,0
157118454,0
157118904,0
157128462,0
157130556,0
157133034,0
157133076,0
157133154,0
157133826,0
157134606,0
157135122,0
157135506,0
157136622,0
157136754,0
157137198,0
157138338,0
157139382,1
157139646,1
157141212,0
157141986,0
157142592,0
157144038,0
157144728,0
157145154,0
157145508,0
157146072,0
157146534,0
157146738,0
157147386,0
157147698,0
157148184,0
157148514,0
157148526,0
157148754,1
157149120,0
157149318,0
157149516,0
157150254,1
157150572,0
157151136,0
157151490,0
157152348,0
157153152,0
157153182,0
157153512,0
157154328,0
157154544,1
157156044,0
157157730,0
157158978,0
157159368,0
157160172,1
157162788,0
157163322,0
157163718,0
157165398,0
157165590,0
157165872,0
157166472,1
157166622,0
157167150,0
157167498,0
157168410,0
157168662,0
157168728,0
157169376,0
157169406,0
157169526,0
157169736,1
157171944,0
157172412,0
157172592,0
157173114,0
157180182,1
157183230,0
157194036,1
157199460,0
157200096,0
157200762,0
157201506,0
157202910,1
157207722,0
157212894,0
157214892,0
157221516,0
157224774,0
157225284,0
157228062,0
157230894,0
157234458,1
157236348,0
157237458,0
157238898,0
157241154,0
157243806,0
157254150,0
157257090,0
157259766,1
157261350,0
157261740,0
157265208,0
157265604,0
157266294,0
157269150,0
157269180,0
157270548,0
157272186,0
157273884,0
157280070,0
157281102,0
157283022,0
157283154,0
157283724,0
157283802,0
157284366,0
157285188,0
157287756,0
157288170,1
157288860,0
157288920,0
157288950,0
157289652,0
157289700,0
157289712,0
157289742,0
157289820,0
157290030,0
157290066,0
157291014,0
157291770,0
157294890,0
157297104,0
157300464,0
157301136,0
157302402,0
157304418,1
157308984,0
157315386,0
157323492,1
157325052,0
157333056,0
157336050,0
157337544,1
157345710,0
157350192,1
157353774,0
157355580,0
157357566,0
157358868,0
157361058,1
157363182,1
157363434,0
157364082,0
157367766,0
157370472,0
157370640,0
157370784,1
157372830,1
157373106,0
157373250,0
157373748,1
157375044,0
157375314,0
157379994,0
157383396,1
157383414,0
157384566,0
157385448,0
157385496,0
157388226,0
157388988,0
157389240,0
157390854,0
157395000,0
157395846,0
157398468,0
157398666,0
157399926,0
157400808,0
157400862,0
157401672,0
157401846,0
157402302,0
157402896,0
157403880,0
157404666,0
157405146,0
157405560,0
157405866,1
157406700,0
157406958,1
157407054,0
157407102,0
157407378,0
157408170,0
157411056,0
157411980,0
157413060,0
157413378,0
157415340,0
157416378,0
157418010,0
157435668,0
157444506,0
157448814,1
157449246,1
157451484,0
157453020,0
157453254,0
157454268,0
157458030,0
157462566,1
157462596,0
157463082,0
157469046,0
157470384,0
157470972,0
157473246,0
157474938,1
157475058,0
157475904,0
157476714,1
157476720,0
157480482,0
157480776,0
157482516,0
157483512,0
157488744,0
157489146,0
157489518,0
157494564,1
157497276,0
157497810,0
157501608,0
157502076,0
157504284,0
157506522,0
157507056,0
157507374,0
157507482,1
157508094,0
157508106,0
157508538,0
157509030,0
157510518,1
157512996,0
157513224,0
157513584,0
157516164,0
157516308,0
157516368,0
157517514,0
157517748,0
157518192,0
157518342,1
157523064,0
157529748,0
157535622,0
157549764,0
157551708,0
157559640,0
157561908,0
157562124,0
157563480,0
157569186,0
157569528,0
157570080,0
157574682,1
157575582,1
157583232,0
157583466,0
157585332,0
157586478,0
157590486,0
157592646,1
157593660,0
157596030,0
157606260,0
157608018,0
157608744,1
157608888,0
157610058,0
157610070,0
157610238,0
157611006,0
157611582,0
157612362,0
157612710,0
157612716,0
157612752,0
157613370,0
157613436,1
157613700,0
157613940,0
157615500,0
157619460,0
157620792,0
157620840,0
157621392,0
157622196,0
157625610,0
157626018,1
157626246,0
157626582,0
157626990,0
157627128,0
157627176,1
157630458,0
157630770,0
157635066,0
157640100,0
157657218,0
157659084,0
157667370,0
157667484,0
157669128,0
157672716,0
157675500,0
157691148,0
157691604,0
157692300,0
157693728,0
157694844,0
157698354,0
157699272,0
157701852,0
157702206,0
157702476,0
157704570,0
157704612,0
157704678,0
157705458,0
157705722,0
157706652,0
157708464,0
157709214,0
157709334,0
157710780,0
157712544,0
157712970,0
157715496,0
157715610,0
157716378,1
157716954,0
157717248,0
157717824,0
157717866,0
157718418,0
157718892,0
157718964,0
157719702,0
157721490,0
157724898,0
157729152,0
157729794,0
157730832,0
157731558,0
157731918,0
157732422,0
157733556,0
157735464,0
157735512,0
157736556,0
157736730,0
157737876,0
157738122,0
157739556,0
157741032,0
157742238,0
157742568,0
157743096,0
157745214,0
157745946,0
157746138,0
157746882,0
157747146,0
157747920,0
157748676,0
157748700,0
157749612,0
157749876,0
157750878,0
157751334,0
157751346,0
157752006,0
157753266,0
157753524,0
157753644,0
157754040,0
157755006,0
157755432,0
157755486,0
157755894,0
157758558,0
157759440,0
157759992,0
157760940,0
157761276,0
157764660,0
157765674,0
157766658,0
157767396,0
157769004,0
157769076,0
157769148,0
157770984,0
157771008,1
157771518,0
157771632,0
157772214,0
157772412,0
157774302,0
157775982,0
157775994,0
157776078,0
157777242,0
157777764,0
157777974,0
157781472,0
157781478,0
157789848,0
157791126,1
157805802,0
157812822,0
157816074,0
157817796,1
157822608,1
157829964,0
157830414,1
157833156,0
157834572,0
157835832,0
157838844,0
157840092,0
157842234,0
157843782,0
157844664,0
157846662,1
157848402,0
157848972,0
157853784,0
157854018,0
157855608,0
157861470,0
157862586,0
157865562,0
157866654,1
157866702,0
157867224,0
157867854,0
157869534,0
157870386,1
157872288,0
157872768,0
157873356,0
157873734,0
157877064,0
157877616,0
157879236,0
157883202,0
157884864,0
157885590,0
157886028,0
157887318,0
157888728,0
157889334,0
157891140,0
157891182,0
157891194,0
157892070,0
157892148,0
157893366,0
157893474,0
157893618,0
157893636,0
157895292,0
157898940,0
157899324,0
157899486,0
157905144,0
157905888,0
157912242,0
157913664,0
157914726,0
157917018,0
157928364,1
157930284,0
157930908,1
157933092,1
157933620,0
157937706,0
157938096,0
157943526,0
157948164,0
157949310,1
157951464,0
157951680,0
157960986,0
157961196,0
157962120,0
157963236,0
157968402,0
157968498,0
157971174,1
157972332,0
157974402,0
157976856,0
157976910,0
157978854,0
157982316,0
157983306,0
157983744,0
157984128,0
157985022,0
157985742,0
157987620,0
157987908,1
157988112,0
157990944,0
157992486,0
157992726,0
157993728,0
157995564,0
157995696,0
157996284,0
157996440,0
157997130,0
157997298,1
157998870,0
157998972,0
157999842,0
157999950,0
158000094,0
158000190,1
158000286,0
158000754,1
158000808,0
158001330,0
158001918,0
158001978,0
158002092,0
158002944,0
158006364,0
158006556,1
158018202,0
158028960,0
158031264,0
158034714,0
158036622,0
158038386,0
158039148,0
158042622,1
158043624,0
158044758,1
158048664,0
158050296,0
158051154,0
158051646,0
158054562,0
158054790,1
158057082,0
158057514,0
158058264,0
158058330,0
158058420,0
158060436,0
158062176,0
158062488,0
158064816,0
158066430,0
158075646,0
158078286,0
158079276,1
158082216,0
158082840,0
158086194,0
158086644,1
158088840,0
158089020,0
158089182,0
158089326,0
158089770,1
158089944,1
158090172,0
158093514,1
158093652,0
158093790,0
158094456,0
158095524,0
158096064,0
158098926,0
158099712,0
158100258,0
158100618,0
158101440,0
158101644,0
158102112,0
158104902,0
158105178,0
158105640,0
158105712,0
158106000,0
158106168,0
158107854,0
158110338,0
158111484,0
158111634,0
158111730,0
158111772,0
158112150,0
158112420,0
158115450,0
158115732,1
158123616,0
158132760,0
158142618,0
158145186,0
158161452,0
158161878,0
158165124,0
158167170,0
158167770,0
158168604,1
158171964,0
158177334,0
158177352,0
158178624,0
158179470,0
158180400,0
158180790,1
158181030,0
158181486,0
158186790,0
158187066,0
158188506,0
158188632,1
158188764,1
158189046,0
158189556,0
158190996,0
158191716,0
158193606,0
158197542,0
158199006,0
158199564,1
158201922,0
158202600,0
158204112,0
158205594,0
158208468,0
158209578,0
158210088,0
158212206,0
158214774,0
158214912,0
158217366,0
158217882,0
158218152,0
158220978,0
158221530,0
158221548,0
158222046,0
158222094,0
158222148,1
158222250,0
158223480,0
158228718,0
158233488,0
158235426,0
158254536,0
158259684,1
158262684,1
158263398,0
158264130,0
158265948,0
158266398,0
158269338,0
158269632,0
158270952,0
158271282,0
158273310,0
158273688,0
158277342,0
158277726,0
158279670,0
158286198,0
158286312,0
158286690,0
158287494,0
158289522,0
158289852,0
158290896,0
158298420,0
158300106,0
158300346,1
158301948,0
158302332,0
158304534,0
158305350,0
158305512,0
158305686,1
158305926,0
158309184,0
158310192,0
158310216,1
158311014,0
158311488,0
158312184,0
158313234,0
158314734,0
158316336,0
158316702,0
158321580,0
158321688,1
158322210,0
158323968,1
158324598,0
158324808,0
158325156,0
158325900,0
158326128,0
158326404,1
158334786,0
158335068,0
158336868,0
158337492,0
158339712,0
158339982,0
158342790,0
158343678,0
158344668,0
158344848,0
158345298,0
158345670,0
158347590,0
158348004,1
158348094,0
158348244,0
158348754,0
158348790,0
158348976,0
158349954,0
158350230,1
158350446,0
158350818,1
158350926,0
158351226,1
158351304,0
158352378,0
158352546,0
158352870,0
158353098,0
158353410,0
158353596,0
158354310,1
158354610,0
158354946,0
158355174,0
158355306,0
158355654,0
158356278,0
158358156,0
158358552,0
158358786,0
158359248,0
158359476,0
158360250,0
158360964,0
158361186,0
158361324,0
158362068,0
158362422,1
158362698,0
158362908,0
158363556,0
158363706,0
158366220,1
158368098,0
158368920,0
158369592,0
158370102,0
158370216,0
158370300,0
158370636,0
158371572,0
158371962,0
158372142,0
158372814,1
158372958,0
158373390,0
158373480,0
158374326,0
158375340,0
158375412,0
158376420,0
158376690,0
158377146,0
158377164,1
158377236,1
158377332,1
158377872,0
158377902,0
158377998,0
158378448,0
158378610,1
158379084,1
158379192,1
158381040,0
158381232,0
158382600,0
158382684,0
158383014,0
158383392,0
158384280,0
158385084,0
158385258,0
158385690,0
158389182,0
158389272,0
158390328,0
158390400,0
158390742,0
158390748,0
158390994,1
158391414,0
158391702,0
158395398,0
158395512,0
158399820,0
158400564,0
158403600,0
158410266,0
158413212,0
158420778,1
158427390,0
158429784,0
158433714,0
158436954,1
158439678,0
158445816,0
158448462,0
158449128,0
158451414,0
158452398,0
158454102,0
158454222,0
158456832,0
158458242,0
158462424,1
158462556,0
158464794,0
158465436,0
158465748,0
158468034,0
158470464,0
158470794,0
158477124,0
158477916,0
158479962,0
158479980,0
158480514,0
158481270,0
158482290,0
158483334,0
158483832,0
158484030,0
158485740,0
158486118,1
158487144,0
158490444,0
158491590,0
158494368,0
158496300,1
158496936,0
158498652,0
158498718,0
158500410,0
158500440,0
158500656,0
158501352,0
158501808,0
158501820,0
158502546,0
158502918,0
158502954,0
158505012,0
158508984,0
158509278,0
158513220,1
158514558,0
158517852,0
158519448,0
158523156,0
158524290,0
158525508,0
158529402,0
158533812,0
158536068,0
158538972,0
158540346,0
158546760,0
158548422,0
158550030,0
158551878,0
158555346,0
158557440,0
158559174,0
158559714,0
158560260,0
158561028,0
158563920,0
158565048,0
158566932,0
158568060,0
158578356,0
158578656,0
158582412,0
158582658,0
158583000,0
158584602,0
158590290,0
158590308,0
158596884,0
158598612,0
158598912,0
158598924,0
158599494,0
158599698,0
158599800,1
158599998,0
158600184,0
158601672,0
158601762,0
158601768,0
158605290,1
158605608,0
158605932,0
158606268,0
158606706,0
158607930,0
158607996,0
158608866,0
158610522,0
158612124,0
158614026,0
158615982,0
158616120,0
158616156,1
158618778,0
158619210,0
158619402,0
158619684,0
158619744,1
158620134,0
158623860,0
158624688,0
158624874,0
158624934,0
158628612,1
158629128,0
158629854,0
158630460,0
158633472,0
158633652,0
158635332,0
158653578,0
158656908,0
158659350,0
158662662,0
158664000,0
158669196,1
158674146,0
158674590,0
158676168,0
158676870,1
158678790,0
158678868,1
158682930,0
158683212,0
158690574,0
158692554,0
158692818,0
158700060,1
158700642,0
158701242,0
158701914,0
158702280,0
158702466,0
158703006,0
158703312,0
158704062,0
158707338,0
158707464,0
158707740,0
158708574,0
158710476,0
158711442,0
158713440,0
158716494,0
158717052,0
158718426,0
158719092,0
158719614,0
158721696,0
158721744,0
158722638,0
158722674,0
158722806,0
158723082,0
158725212,0
158726358,1
158728110,0
158728152,1
158728944,0
158729772,0
158729856,0
158733642,0
158734740,0
158749026,0
158750472,0
158760342,0
158761176,0
158768964,0
158770686,1
158771904,0
158772030,0
158775006,0
158776836,0
158781210,0
158781342,0
158782212,0
158786382,0
158788668,0
158792184,0
158793786,0
158796396,0
158797782,0
158798412,0
158798442,1
158802822,0
158802930,0
158803614,0
158806170,1
158807382,0
158808402,1
158809530,0
158809974,1
158812692,0
158813778,0
158816118,0
158816250,0
158816430,0
158816784,0
158818014,0
158818410,0
158819094,0
158821866,0
158821968,0
158823552,0
158824050,0
158824824,0
158824842,0
158827350,0
158830314,0
158831106,0
158835096,0
158835522,0
158837034,1
158838444,0
158838726,0
158838810,1
158839728,0
158839848,0
158839908,0
158840484,0
158850246,0
158850810,1
158853420,0
158855130,0
158861286,0
158866566,0
158870946,0
158876886,0
158878050,0
158881314,0
158883390,0
158886186,0
158887668,0
158894568,0
158895330,0
158896386,0
158899440,0
158899986,1
158901228,0
158902386,0
158906226,0
158908284,0
158910516,0
158911584,0
158913252,0
158916870,0
158918856,1
158920974,0
158922420,0
158922528,0
158924952,0
158925486,0
158926194,0
158926680,1
158926938,0
158927400,0
158929062,0
158929404,0
158929518,0
158931102,0
158931336,0
158931864,1
158931960,0
158934780,0
158935272,0
158936022,0
158936130,0
158938128,0
158938764,0
158939520,0
158939808,0
158940150,0
158942490,0
158942586,0
158943114,0
158954412,1
158955870,1
158957874,0
158958414,0
158962614,0
158963628,1
158963670,1
158964078,0
158965512,0
158966484,1
158966688,0
158967414,0
158967540,0
158967834,0
158968344,0
158969208,0
158969898,0
158969934,1
158970768,1
158970816,1
158971032,0
158971110,0
158972184,0
158972424,0
158972670,0
158974062,0
158976312,0
158976594,0
158977218,0
158977500,0
158977938,0
158978040,0
158980032,1
158981292,0
158982036,0
158982582,0
158982612,0
158986284,0
158987334,0
158988930,0
158989080,0
158989308,0
158989674,0
158990262,0
158990670,0
158994534,0
158994996,1
158995176,0
158996532,0
158997210,0
158997900,0
158998368,0
159002352,0
159002484,0
159002514,0
159003174,1
159003246,0
159003282,0
159003558,0
159004068,0
159004206,0
159004416,0
159004446,0
159004890,0
159004950,0
159005478,0
159011484,0
159011706,0
159021966,0
159026898,0
159027030,0
159034146,0
159039114,0
159047568,1
159051534,0
159051714,0
159059592,0
159067290,0
159071118,0
159074370,0
159074838,0
159078600,0
159079542,0
159080082,0
159084786,1
159085416,0
159086682,0
159086700,0
159088512,0
159088560,0
159090846,0
159091452,0
159091680,0
159094500,1
159095922,0
159096492,0
159097002,0
159098874,0
159104400,0
159104862,0
159105786,0
159108996,1
159110316,0
159111102,0
159113514,0
159114120,0
159116238,0
159116388,1
159116580,0
159116934,0
159118104,0
159119034,0
159121032,0
159121632,0
159125790,0
159126660,0
159128370,0
159129654,0
159130428,0
159130818,0
159131580,0
159131622,1
159131976,1
159132552,0
159132630,0
159132846,0
159132930,0
159133716,0
159135702,0
159136740,0
159138252,0
159138924,0
159139068,0
159139278,0
159139518,0
159139902,1
159140082,0
159140610,1
159141108,0
159145938,0
159151056,0
159160224,0
159181206,0
159184416,0
159189486,0
159192342,0
159199662,1
159202722,0
159205884,0
159211338,0
159212466,0
159213090,0
159216792,0
159217008,1
159218382,0
159218514,1
159232284,0
159234234,0
159235140,0
159235464,0
159237228,0
159237528,1
159239760,0
159239766,0
159239790,0
159243192,0
159244482,0
159248394,1
159251424,0
159251460,0
159253014,0
159253254,1
159253452,0
159256206,0
159257784,0
159259044,0
159260268,0
159260580,0
159261012,0
159262308,0
159262734,0
159262860,0
159262908,0
159263766,1
159263868,1
159264480,0
159265158,1
159266328,0
159267072,0
159267600,0
159268482,0
159269694,0
159270720,1
159270786,0
159273438,0
159275334,1
159277674,0
159277884,0
159277908,0
159278040,0
159278298,0
159278568,0
159283488,0
159284520,1
159287688,0
159290526,0
159304752,0
159319044,0
159322878,0
159323718,0
159326820,0
159336096,0
159337446,0
159343884,0
159347388,0
159347526,0
159347964,0
159351804,0
159353334,0
159355338,0
159359016,0
159359754,0
159362550,0
159363210,0
159364770,0
159364974,0
159366768,0
159368472,0
159369588,0
159371052,0
159377658,0
159379296,0
159379416,0
159379980,0
159380238,0
159380244,0
159383820,0
159384054,0
159387006,0
159388482,0
159388668,0
159392412,0
159393636,0
159394338,0
159395130,0
159399774,0
159400248,0
159400764,0
159402426,0
159404256,0
159408666,1
159410226,0
159410556,0
159420138,0
159427818,0
159428004,0
159430932,0
159442962,0
159444510,0
159448002,0
159454794,1
159463224,0
159466482,0
159470442,0
159470610,0
159471834,0
159473352,0
159474522,0
159477168,0
159478938,0
159483318,0
159484866,0
159486606,0
159487806,0
159489276,0
159493020,1
159495666,0
159497574,0
159498744,0
159498900,0
159499878,0
159500406,0
159500724,0
159502950,0
159504090,0
159504396,0
159505170,0
159508158,1
159508290,0
159509556,0
159509862,1
159510642,0
159511506,0
159512118,0
159512418,0
159514128,0
159515952,0
159519948,1
159521418,0
159522900,1
159523704,0
159526026,0
159527088,0
159527304,0
159529386,0
159529446,0
159530844,0
159531816,0
159532668,1
159537558,0
159537666,0
159542220,0
159572184,0
159588990,0
159592104,0
159592110,0
159593088,0
159594306,0
159594750,0
159604578,0
159605520,0
159606312,0
159609144,0
159613572,0
159620652,0
159624366,0
159626250,0
159626802,1
159627798,0
159627810,0
159631500,0
159631938,1
159633822,0
159634314,0
159634440,0
159636096,1
159637158,0
159637572,1
159638790,0
159639924,1
159642510,1
159643404,0
159644868,0
159645852,1
159645936,0
159645984,0
159646644,0
159647814,0
159648096,0
159648816,0
159649008,0
159650046,0
159650436,0
159651456,0
159651858,0
159651954,0
159652284,0
159652818,0
159652986,0
159659556,0
159661392,0
159662658,0
159664932,0
159673524,0
159674718,1
159674850,0
159674976,1
159678282,0
159680754,0
159680904,0
159681192,0
159681648,0
159681660,0
159682410,0
159682824,0
159683298,0
159684480,1
159685308,0
159685524,0
159685572,1
159687258,0
159687516,0
159687702,0
159688350,0
159688686,0
159689508,0
159689988,0
159690612,0
159693570,0
159695202,1
159695472,0
159695568,0
159696756,0
159697728,0
159697752,0
159697992,1
159698802,0
159699138,0
159700734,0
159702168,0
159702600,0
159703392,1
159703998,0
159704742,0
159705144,0
159705438,0
159706170,0
159708096,0
159708384,0
159709548,0
159709992,1
159711888,0
159712050,0
159721578,0
159727962,0
159738252,0
159739818,0
159740022,1
159740394,0
159757632,0
159762846,0
159763632,0
159764880,0
159766236,0
159767724,0
159768000,0
159771708,0
159773928,0
159779436,0
159780810,0
159781638,0
159785628,0
159785820,0
159786216,1
159787152,0
159787536,0
159789012,0
159789348,0
159790722,1
159791046,1
159795168,0
159795474,0
159799776,0
159800298,0
159802116,0
159802482,0
159804660,0
159805218,0
159805584,0
159806502,0
159806994,0
159809214,0
159811926,0
159812754,0
159813360,0
159814242,1
159815262,0
159815760,0
159816450,0
159821508,0
159821832,0
159828870,0
159828906,0
159828960,0
159829260,0
159829806,1
159830850,0
159831786,0
159837138,0
159838254,0
159840192,0
159842316,0
159842844,0
159844494,0
159845208,0
159848754,0
159850986,0
159854016,0
159865188,0
159874980,0
159884382,0
159884886,0
159892146,0
159892920,0
159895284,0
159897762,0
159898320,0
159904980,1
159908286,0
159909060,1
159910344,1
159913152,0
159921870,0
159923124,0
159927162,0
159930006,0
159931392,0
159936828,0
159938406,0
159938814,0
159939378,0
159940794,0
159942414,0
159943464,0
159945792,0
159946812,0
159948894,0
159948954,0
159949986,0
159950358,0
159952296,0
159952308,0
159953010,0
159954000,1
159955092,0
159956550,0
159957696,0
159958074,0
159959538,0
159960114,0
159960204,0
159960744,1
159960786,0
159960852,0
159963786,0
159965808,0
159966246,0
159966594,0
159966810,0
159970818,0
159971244,0
159971604,1
159983136,0
159989016,0
159991920,0
159999162,0
160002288,0
160003056,0
160006314,0
160020384,0
160022352,0
160024836,0
160027962,0
160028754,0
160032084,0
160032936,0
160033500,0
160035630,0
160037886,0
160038234,0
160039938,0
160040340,0
160041984,0
160043442,0
160044132,0
160044138,0
160044810,0
160046052,0
160052880,0
160054494,0
160054536,0
160055232,0
160061958,0
160061982,0
160062600,0
160063362,0
160063476,0
160066068,0
160066224,0
160066248,0
160067082,0
160067502,0
160069116,0
160069236,0
160069362,0
160069740,0
160071978,0
160073292,0
160073658,0
160074084,0
160074738,0
160075368,1
160075392,0
160077054,0
160077438,0
160077492,0
160077924,0
160081266,1
160082340,0
160084050,0
160084098,0
160084800,0
160084968,0
160085004,1
160088766,0
160088892,0
160089150,0
160092246,0
160093452,0
160097664,0
160099656,1
160100550,0
160103010,1
160114482,0
160118178,0
160120206,1
160123692,0
160124370,0
160137102,0
160139262,0
160140822,0
160141998,0
160142730,0
160142748,0
160144362,0
160144692,0
160146084,0
160146318,0
160148826,0
160150266,1
160152798,0
160154892,0
160160034,0
160164198,0
160164330,0
160167336,0
160168830,0
160171746,0
160173498,0
160177602,0
160180974,0
160181604,0
160181916,0
160182564,0
160185120,0
160186740,1
160187874,0
160187976,0
160190754,0
160191282,0
160191348,0
160191942,0
160192002,0
160192146,0
160193052,0
160193382,0
160193754,0
160195128,0
160197558,0
160198218,0
160198542,0
160198938,0
160198962,1
160199172,0
160202610,0
160204038,0
160204194,0
160208982,0
160209162,0
160253550,0
160255674,0
160257684,0
160260414,0
160263120,0
160263222,0
160265190,1
160265508,0
160267464,0
160270386,0
160275888,0
160278390,0
160279692,0
160284600,0
160285602,0
160287738,0
160289160,0
160290234,0
160291950,0
160292160,0
160295214,0
160296180,1
160296762,0
160296858,0
160297260,0
160297542,0
160298082,0
160300086,0
160302000,0
160302612,0
160304214,0
160305456,0
160305678,0
160306560,0
160306854,0
160306980,0
160307694,0
160311258,1
160311738,0
160314624,0
160314990,0
160320846,1
160321776,1
160328076,0
160328970,0
160329330,0
160330428,0
160331046,0
160331226,0
160331232,0
160331598,0
160332342,0
160332954,0
160333428,0
160333644,0
160334436,0
160334922,0
160335522,0
160336848,1
160337004,0
160341192,0
160341474,0
160342386,0
160342896,0
160343490,0
160343730,0
160344090,0
160344390,0
160345272,1
160345584,0
160345758,0
160345842,0
160346376,0
160346604,0
160347048,0
160347378,0
160348158,0
160348404,0
160349028,0
160349034,0
160349124,0
160350258,0
160351014,1
160352274,1
160352772,0
160353114,0
160353474,0
160354110,0
160356162,0
160357026,0
160357956,1
160357974,0
160358010,1
160358196,0
160358412,1
160359078,1
160359360,0
160359426,0
160359792,0
160360566,1
160361088,0
160361508,0
160361538,0
160362426,0
160363392,0
160363620,0
160364346,0
160364496,1
160364730,1
160365294,0
160368948,0
160369020,0
160369494,0
160369668,0
160370226,0
160371102,0
160371372,0
160371486,0
160388394,0
160395726,0
160398282,0
160402782,0
160405440,0
160414554,0
160415382,0
160422876,0
160424070,0
160425414,0
160427496,0
160431378,0
160432482,0
160433514,1
160434012,1
160435932,0
160442118,0
160443762,0
160445772,0
160446354,0
160447140,0
160449168,0
160453428,0
160455492,1
160457862,0
160459374,0
160459512,0
160459902,0
160463076,0
160470306,0
160471998,0
160472208,1
160472802,1
160474254,0
160475460,1
160475658,0
