timestamp,PT08.S1(CO),PT08.S2(NMHC),PT08.S3(NOx),PT08.S4(NO2),PT08.S5(O3),T,RH,AH
2005-01-24 10:00:00,992.0,800.0,797.0,1007.0,934.0,8.7,46.7,0.5249
2005-01-24 11:00:00,955.0,783.0,844.0,976.0,845.0,10.0,40.6,0.4971
2005-01-24 12:00:00,959.0,771.0,852.0,975.0,808.0,11.8,35.4,0.4877
2005-01-24 13:00:00,981.0,804.0,829.0,997.0,783.0,10.7,37.2,0.4788
2005-01-24 14:00:00,947.0,791.0,825.0,963.0,785.0,10.9,34.9,0.456
2005-01-24 15:00:00,1023.0,898.0,759.0,1034.0,899.0,10.7,33.1,0.4256
2005-01-24 16:00:00,1009.0,860.0,787.0,993.0,922.0,10.6,34.2,0.4375
2005-01-24 17:00:00,1007.0,884.0,780.0,1014.0,951.0,8.9,38.1,0.4341
2005-01-24 18:00:00,1054.0,992.0,715.0,1092.0,1051.0,7.8,39.7,0.4206
2005-01-24 19:00:00,1018.0,934.0,740.0,1014.0,967.0,7.3,42.2,0.4341
2005-01-24 20:00:00,976.0,870.0,795.0,971.0,861.0,6.9,42.5,0.4257
2005-01-24 21:00:00,872.0,689.0,970.0,866.0,631.0,6.6,43.2,0.4247
2005-01-24 22:00:00,805.0,559.0,1183.0,781.0,466.0,6.4,41.7,0.4034
2005-01-24 23:00:00,800.0,541.0,1250.0,779.0,407.0,6.1,42.6,0.4041
2005-01-25 00:00:00,785.0,504.0,1306.0,760.0,387.0,5.9,41.8,0.3928
2005-01-25 01:00:00,757.0,459.0,1447.0,735.0,337.0,5.7,41.5,0.3836
2005-01-25 02:00:00,751.0,424.0,1583.0,726.0,303.0,5.5,42.4,0.3867
2005-01-25 03:00:00,766.0,412.0,1651.0,763.0,295.0,4.5,52.0,0.4436
2005-01-25 04:00:00,759.0,399.0,1696.0,749.0,288.0,4.3,51.6,0.4323
2005-01-25 05:00:00,758.0,388.0,1785.0,765.0,274.0,3.7,56.3,0.453
2005-01-25 06:00:00,761.0,383.0,1745.0,787.0,289.0,3.3,58.1,0.4559
2005-01-25 07:00:00,762.0,434.0,1556.0,763.0,318.0,3.9,47.3,0.3862
2005-01-25 08:00:00,869.0,646.0,1068.0,876.0,476.0,4.3,45.9,0.3843
2005-01-25 09:00:00,938.0,785.0,853.0,969.0,704.0,4.2,50.1,0.4168
2005-01-25 10:00:00,951.0,769.0,856.0,1000.0,735.0,3.4,62.7,0.4943
2005-01-25 11:00:00,892.0,702.0,935.0,924.0,735.0,5.0,51.4,0.4534
2005-01-25 12:00:00,876.0,703.0,968.0,892.0,653.0,5.7,44.1,0.4063
2005-01-25 13:00:00,872.0,686.0,972.0,880.0,603.0,5.2,44.5,0.3968
2005-01-25 14:00:00,893.0,722.0,932.0,917.0,645.0,4.7,48.6,0.4194
2005-01-25 15:00:00,879.0,687.0,980.0,914.0,564.0,4.5,51.0,0.4327
2005-01-25 16:00:00,896.0,689.0,966.0,909.0,614.0,5.1,50.1,0.4432
2005-01-25 17:00:00,909.0,706.0,928.0,923.0,658.0,5.0,50.4,0.443
2005-01-25 18:00:00,958.0,758.0,858.0,985.0,719.0,4.3,56.4,0.4721
2005-01-25 19:00:00,984.0,803.0,813.0,1012.0,772.0,4.3,56.7,0.476
2005-01-25 20:00:00,991.0,814.0,790.0,1040.0,812.0,4.3,57.0,0.4771
2005-01-25 21:00:00,881.0,638.0,990.0,910.0,583.0,3.5,60.3,0.4782
2005-01-25 22:00:00,853.0,616.0,1071.0,870.0,491.0,4.1,52.5,0.4351
2005-01-25 23:00:00,804.0,546.0,1194.0,796.0,400.0,3.9,50.6,0.4127
2005-01-26 00:00:00,788.0,514.0,1285.0,771.0,354.0,3.9,47.7,0.3901
2005-01-26 01:00:00,788.0,487.0,1346.0,769.0,329.0,4.0,47.8,0.3939
2005-01-26 02:00:00,763.0,428.0,1532.0,757.0,296.0,3.9,50.9,0.4144
2005-01-26 03:00:00,771.0,410.0,1622.0,765.0,283.0,3.0,57.7,0.4423
2005-01-26 04:00:00,747.0,390.0,1775.0,738.0,266.0,3.3,52.8,0.4137
2005-01-26 05:00:00,744.0,383.0,1881.0,720.0,253.0,2.7,53.9,0.4062
2005-01-26 06:00:00,774.0,441.0,1646.0,760.0,282.0,2.8,54.4,0.411
2005-01-26 07:00:00,800.0,492.0,1310.0,783.0,353.0,3.6,49.0,0.3915
2005-01-26 08:00:00,896.0,668.0,1043.0,887.0,519.0,3.3,50.2,0.3934
2005-01-26 09:00:00,913.0,733.0,902.0,901.0,681.0,3.5,47.5,0.3778
2005-01-26 10:00:00,871.0,638.0,1022.0,860.0,583.0,4.3,49.4,0.4136
2005-01-26 11:00:00,872.0,662.0,1007.0,874.0,628.0,4.5,48.4,0.4131
2005-01-26 12:00:00,858.0,634.0,1053.0,868.0,566.0,4.3,50.0,0.4199
2005-01-26 13:00:00,876.0,683.0,993.0,894.0,572.0,4.3,49.7,0.4166
2005-01-26 14:00:00,900.0,751.0,891.0,913.0,637.0,4.9,45.3,0.3955
2005-01-26 15:00:00,864.0,678.0,987.0,866.0,579.0,5.6,42.4,0.3884
2005-01-26 16:00:00,902.0,721.0,924.0,900.0,666.0,5.7,43.1,0.3984
2005-01-26 17:00:00,916.0,720.0,912.0,922.0,707.0,4.8,49.7,0.4305
2005-01-26 18:00:00,1004.0,918.0,752.0,1033.0,990.0,5.1,43.0,0.3821
2005-01-26 19:00:00,1024.0,945.0,729.0,1073.0,1026.0,5.3,44.4,0.397
2005-01-26 20:00:00,1011.0,884.0,763.0,1048.0,910.0,4.9,47.9,0.418
2005-01-26 21:00:00,1006.0,822.0,794.0,1025.0,897.0,4.7,50.8,0.4398
2005-01-26 22:00:00,913.0,645.0,966.0,922.0,651.0,4.6,54.8,0.4704
2005-01-26 23:00:00,905.0,620.0,986.0,904.0,598.0,4.0,56.8,0.4688
2005-01-27 00:00:00,872.0,628.0,1009.0,857.0,560.0,4.2,46.8,0.39
2005-01-27 01:00:00,843.0,597.0,1059.0,808.0,527.0,4.5,42.0,0.3571
2005-01-27 02:00:00,863.0,622.0,1025.0,826.0,574.0,4.1,42.1,0.3487
2005-01-27 03:00:00,791.0,480.0,1259.0,738.0,422.0,4.5,39.7,0.3379
2005-01-27 04:00:00,769.0,412.0,1481.0,727.0,326.0,4.4,42.2,0.3571
2005-01-27 05:00:00,778.0,417.0,1531.0,745.0,312.0,4.1,45.9,0.3804
2005-01-27 06:00:00,801.0,470.0,1313.0,762.0,382.0,4.3,42.5,0.3556
2005-01-27 07:00:00,827.0,533.0,1198.0,775.0,488.0,4.6,38.1,0.3267
2005-01-27 08:00:00,1038.0,837.0,822.0,972.0,915.0,4.6,39.4,0.3367
2005-01-27 09:00:00,1040.0,917.0,739.0,1038.0,1021.0,4.8,41.9,0.3634
2005-01-27 10:00:00,980.0,790.0,839.0,934.0,897.0,5.9,40.2,0.376
2005-01-27 11:00:00,912.0,683.0,961.0,872.0,699.0,7.0,38.4,0.3861
2005-01-27 12:00:00,887.0,649.0,1009.0,854.0,588.0,6.6,40.2,0.3944
2005-01-27 13:00:00,922.0,716.0,930.0,893.0,643.0,6.6,41.2,0.4046
2005-01-27 14:00:00,928.0,748.0,900.0,900.0,685.0,7.3,36.8,0.3779
2005-01-27 15:00:00,921.0,736.0,921.0,881.0,673.0,7.3,35.0,0.3584
2005-01-27 16:00:00,905.0,747.0,924.0,850.0,691.0,7.0,33.5,0.3367
2005-01-27 17:00:00,906.0,769.0,913.0,865.0,726.0,6.5,32.4,0.3155
2005-01-27 18:00:00,981.0,886.0,819.0,928.0,912.0,5.7,33.9,0.3131
2005-01-27 19:00:00,1053.0,987.0,750.0,1025.0,1048.0,5.0,36.1,0.3178
2005-01-27 20:00:00,1086.0,1032.0,717.0,1049.0,1136.0,4.7,38.3,0.3306
2005-01-27 21:00:00,967.0,811.0,863.0,911.0,909.0,4.5,39.9,0.339
2005-01-27 22:00:00,902.0,689.0,995.0,838.0,719.0,4.3,41.1,0.3451
2005-01-27 23:00:00,916.0,725.0,953.0,855.0,746.0,4.0,43.1,0.3551
2005-01-28 00:00:00,895.0,677.0,999.0,827.0,700.0,3.7,46.0,0.3701
2005-01-28 01:00:00,866.0,613.0,1075.0,810.0,579.0,3.3,47.4,0.3716
2005-01-28 02:00:00,861.0,585.0,1120.0,807.0,553.0,3.0,49.1,0.3774
2005-01-28 03:00:00,845.0,534.0,1146.0,781.0,519.0,3.5,48.0,0.3822
2005-01-28 04:00:00,849.0,522.0,1158.0,779.0,467.0,3.6,48.0,0.3835
2005-01-28 05:00:00,818.0,486.0,1282.0,781.0,422.0,4.0,47.8,0.3919
2005-01-28 06:00:00,864.0,554.0,1159.0,819.0,545.0,4.1,48.1,0.3975
2005-01-28 07:00:00,856.0,559.0,1138.0,810.0,556.0,4.1,47.4,0.3926
2005-01-28 08:00:00,1024.0,823.0,827.0,992.0,879.0,4.2,48.7,0.4073
2005-01-28 09:00:00,1050.0,909.0,742.0,1055.0,993.0,4.1,49.8,0.4117
2005-01-28 10:00:00,984.0,832.0,822.0,966.0,892.0,4.3,48.4,0.4043
2005-01-28 11:00:00,990.0,808.0,838.0,975.0,901.0,4.6,49.7,0.4271
2005-01-28 12:00:00,970.0,798.0,842.0,941.0,874.0,4.5,49.6,0.421
2005-01-28 13:00:00,943.0,781.0,871.0,925.0,722.0,4.4,48.4,0.4087
2005-01-28 14:00:00,994.0,871.0,793.0,997.0,836.0,4.7,47.2,0.4075
2005-01-28 15:00:00,932.0,767.0,888.0,920.0,669.0,4.2,49.5,0.4118
2005-01-28 16:00:00,891.0,706.0,949.0,860.0,600.0,3.4,50.7,0.3991
2005-01-28 17:00:00,-200.0,-200.0,-200.0,-200.0,-200.0,-200.0,-200.0,-200.0
2005-01-28 18:00:00,-200.0,-200.0,-200.0,-200.0,-200.0,-200.0,-200.0,-200.0
2005-01-28 19:00:00,-200.0,-200.0,-200.0,-200.0,-200.0,-200.0,-200.0,-200.0
2005-01-28 20:00:00,-200.0,-200.0,-200.0,-200.0,-200.0,-200.0,-200.0,-200.0
2005-01-28 21:00:00,-200.0,-200.0,-200.0,-200.0,-200.0,-200.0,-200.0,-200.0
2005-01-28 22:00:00,-200.0,-200.0,-200.0,-200.0,-200.0,-200.0,-200.0,-200.0
2005-01-28 23:00:00,-200.0,-200.0,-200.0,-200.0,-200.0,-200.0,-200.0,-200.0
2005-01-29 00:00:00,-200.0,-200.0,-200.0,-200.0,-200.0,-200.0,-200.0,-200.0
2005-01-29 01:00:00,-200.0,-200.0,-200.0,-200.0,-200.0,-200.0,-200.0,-200.0
2005-01-29 02:00:00,793.0,480.0,1306.0,745.0,376.0,1.9,49.7,0.3528
2005-01-29 03:00:00,790.0,455.0,1376.0,751.0,336.0,1.6,52.9,0.3692
2005-01-29 04:00:00,776.0,445.0,1460.0,737.0,330.0,1.4,53.8,0.3687
2005-01-29 05:00:00,766.0,448.0,1494.0,734.0,321.0,1.0,54.7,0.3657
2005-01-29 06:00:00,774.0,458.0,1473.0,735.0,334.0,1.4,52.3,0.3591
2005-01-29 07:00:00,801.0,494.0,1324.0,754.0,395.0,1.6,51.0,0.3561
2005-01-29 08:00:00,847.0,586.0,1163.0,814.0,473.0,1.4,53.1,0.3642
2005-01-29 09:00:00,874.0,641.0,1022.0,857.0,553.0,1.7,54.1,0.3785
2005-01-29 10:00:00,879.0,642.0,1027.0,836.0,545.0,2.5,51.0,0.3778
2005-01-29 11:00:00,888.0,652.0,1025.0,833.0,547.0,2.9,48.7,0.3706
2005-01-29 12:00:00,873.0,610.0,1051.0,819.0,527.0,3.6,45.8,0.3674
2005-01-29 13:00:00,877.0,618.0,1027.0,830.0,505.0,3.1,48.1,0.3722
2005-01-29 14:00:00,893.0,653.0,987.0,845.0,550.0,3.4,46.6,0.3668
2005-01-29 15:00:00,866.0,602.0,1071.0,809.0,465.0,3.7,45.8,0.3697
2005-01-29 16:00:00,873.0,629.0,1049.0,817.0,467.0,4.4,43.7,0.3688
2005-01-29 17:00:00,911.0,676.0,998.0,855.0,555.0,4.0,44.9,0.3689
2005-01-29 18:00:00,908.0,653.0,980.0,847.0,551.0,3.3,46.8,0.3671
2005-01-29 19:00:00,907.0,657.0,981.0,844.0,569.0,3.1,48.1,0.3707
2005-01-29 20:00:00,925.0,678.0,960.0,861.0,594.0,2.8,49.0,0.37
2005-01-29 21:00:00,920.0,649.0,983.0,849.0,598.0,3.1,47.4,0.3661
2005-01-29 22:00:00,865.0,561.0,1102.0,791.0,434.0,2.9,49.0,0.3725
2005-01-29 23:00:00,867.0,553.0,1136.0,792.0,412.0,2.8,49.1,0.3726
2005-01-30 00:00:00,900.0,604.0,1051.0,815.0,469.0,2.9,49.7,0.3782
2005-01-30 01:00:00,901.0,599.0,1023.0,825.0,515.0,3.8,46.5,0.3762
2005-01-30 02:00:00,863.0,560.0,1107.0,787.0,430.0,3.2,46.9,0.3658
2005-01-30 03:00:00,884.0,599.0,1065.0,813.0,503.0,3.1,45.2,0.3504
2005-01-30 04:00:00,873.0,565.0,1097.0,793.0,494.0,3.1,44.8,0.3473
2005-01-30 05:00:00,806.0,459.0,1322.0,728.0,368.0,3.1,44.4,0.342
2005-01-30 06:00:00,801.0,454.0,1374.0,727.0,348.0,3.0,43.4,0.3337
2005-01-30 07:00:00,790.0,431.0,1439.0,722.0,354.0,2.8,43.8,0.3308
2005-01-30 08:00:00,805.0,465.0,1358.0,736.0,382.0,2.7,43.2,0.3259
2005-01-30 09:00:00,843.0,520.0,1202.0,762.0,450.0,3.3,42.3,0.3299
2005-01-30 10:00:00,849.0,537.0,1148.0,757.0,460.0,4.6,39.0,0.333
2005-01-30 11:00:00,872.0,583.0,1126.0,765.0,441.0,5.6,37.5,0.3426
2005-01-30 12:00:00,890.0,585.0,1097.0,776.0,454.0,7.2,34.2,0.3488
2005-01-30 13:00:00,874.0,552.0,1128.0,760.0,415.0,6.9,35.6,0.3561
2005-01-30 14:00:00,863.0,553.0,1133.0,742.0,419.0,8.2,30.1,0.3281
2005-01-30 15:00:00,840.0,566.0,1176.0,717.0,368.0,7.6,27.9,0.2927
2005-01-30 16:00:00,845.0,569.0,1151.0,709.0,397.0,7.9,25.9,0.2774
2005-01-30 17:00:00,888.0,625.0,1062.0,763.0,510.0,7.8,28.3,0.3017
2005-01-30 18:00:00,845.0,582.0,1120.0,719.0,473.0,6.3,28.8,0.2772
2005-01-30 19:00:00,880.0,641.0,1077.0,759.0,537.0,5.4,30.1,0.2726
2005-01-30 20:00:00,917.0,708.0,972.0,787.0,670.0,5.0,31.1,0.273
2005-01-30 21:00:00,927.0,715.0,965.0,797.0,711.0,4.6,33.8,0.2898
2005-01-30 22:00:00,868.0,615.0,1095.0,752.0,551.0,4.3,36.6,0.3064
2005-01-30 23:00:00,932.0,685.0,996.0,820.0,670.0,4.0,39.0,0.3203
2005-01-31 00:00:00,971.0,741.0,901.0,864.0,771.0,2.9,42.8,0.3276
2005-01-31 01:00:00,891.0,650.0,987.0,782.0,586.0,3.4,38.9,0.3076
2005-01-31 02:00:00,806.0,495.0,1282.0,685.0,355.0,4.0,36.4,0.2982
2005-01-31 03:00:00,787.0,446.0,1395.0,657.0,310.0,4.0,36.4,0.2989
2005-01-31 04:00:00,791.0,435.0,1486.0,668.0,292.0,3.7,37.7,0.3024
2005-01-31 05:00:00,787.0,415.0,1474.0,667.0,293.0,3.4,38.9,0.3075
2005-01-31 06:00:00,814.0,449.0,1363.0,674.0,328.0,3.7,37.5,0.3012
2005-01-31 07:00:00,844.0,538.0,1164.0,726.0,479.0,3.7,35.2,0.2833
2005-01-31 08:00:00,1049.0,863.0,826.0,923.0,979.0,3.7,33.9,0.2732
2005-01-31 09:00:00,1201.0,1116.0,617.0,1130.0,1469.0,4.4,38.8,0.328
2005-01-31 10:00:00,1293.0,1153.0,602.0,1141.0,1667.0,6.6,34.4,0.3359
2005-01-31 11:00:00,1121.0,1066.0,683.0,1040.0,1378.0,10.0,22.4,0.2753
2005-01-31 12:00:00,1112.0,1078.0,683.0,1028.0,1426.0,11.9,18.6,0.2581
2005-01-31 13:00:00,1060.0,1048.0,707.0,983.0,1246.0,12.5,17.2,0.2477
2005-01-31 14:00:00,1056.0,1040.0,711.0,976.0,1187.0,13.2,17.3,0.2606
2005-01-31 15:00:00,1131.0,1139.0,643.0,1097.0,1363.0,13.5,18.7,0.2872
2005-01-31 16:00:00,1162.0,1170.0,618.0,1131.0,1425.0,14.1,18.2,0.2908
2005-01-31 17:00:00,1283.0,1328.0,552.0,1294.0,1722.0,13.0,20.3,0.303
2005-01-31 18:00:00,1414.0,1490.0,488.0,1433.0,2051.0,10.4,24.7,0.3116
2005-01-31 19:00:00,1486.0,1570.0,455.0,1557.0,2179.0,8.6,29.8,0.3344
2005-01-31 20:00:00,1523.0,1533.0,456.0,1532.0,2214.0,7.3,36.8,0.3771
2005-01-31 21:00:00,1283.0,1149.0,587.0,1148.0,1799.0,6.3,39.4,0.3795
2005-01-31 22:00:00,1109.0,863.0,737.0,960.0,1527.0,5.4,43.5,0.3922
2005-01-31 23:00:00,1055.0,782.0,798.0,940.0,1377.0,5.1,45.6,0.4056
2005-02-01 00:00:00,1038.0,756.0,813.0,921.0,1317.0,4.2,49.4,0.412
2005-02-01 01:00:00,996.0,698.0,871.0,894.0,1228.0,4.1,50.1,0.415
2005-02-01 02:00:00,995.0,680.0,879.0,904.0,1201.0,4.1,51.5,0.4263
2005-02-01 03:00:00,1000.0,670.0,868.0,917.0,1158.0,3.7,57.5,0.4621
2005-02-01 04:00:00,1042.0,688.0,814.0,935.0,1204.0,2.5,64.8,0.4807
2005-02-01 05:00:00,1042.0,701.0,795.0,945.0,1216.0,1.8,68.9,0.4878
2005-02-01 06:00:00,1024.0,724.0,814.0,944.0,1198.0,2.0,64.9,0.4661
2005-02-01 07:00:00,1147.0,886.0,702.0,1056.0,1381.0,2.2,65.3,0.473
2005-02-01 08:00:00,1496.0,1298.0,492.0,1441.0,1873.0,3.1,64.0,0.4938
2005-02-01 09:00:00,1541.0,1353.0,449.0,1492.0,2112.0,3.7,61.7,0.4967
2005-02-01 10:00:00,1491.0,1215.0,503.0,1343.0,2038.0,4.4,58.8,0.4979
2005-02-01 11:00:00,1533.0,1334.0,466.0,1434.0,2118.0,5.8,54.1,0.502
2005-02-01 12:00:00,1507.0,1292.0,479.0,1379.0,2110.0,7.3,50.8,0.5226
2005-02-01 13:00:00,1451.0,1264.0,497.0,1408.0,1965.0,9.5,47.2,0.5589
2005-02-01 14:00:00,1432.0,1264.0,487.0,1476.0,1888.0,11.8,44.4,0.6118
2005-02-01 15:00:00,1408.0,1202.0,506.0,1411.0,1774.0,12.7,45.5,0.6648
2005-02-01 16:00:00,1377.0,1129.0,540.0,1392.0,1626.0,13.5,44.8,0.6898
2005-02-01 17:00:00,1454.0,1190.0,508.0,1434.0,1761.0,12.3,48.9,0.6967
2005-02-01 18:00:00,1268.0,1128.0,573.0,1255.0,1533.0,10.8,40.3,0.5201
2005-02-01 19:00:00,1259.0,1211.0,559.0,1243.0,1531.0,9.4,36.7,0.4324
2005-02-01 20:00:00,1261.0,1143.0,595.0,1208.0,1477.0,8.3,39.5,0.4318
2005-02-01 21:00:00,1133.0,971.0,683.0,1059.0,1332.0,7.8,41.3,0.4389
2005-02-01 22:00:00,1054.0,818.0,777.0,966.0,1210.0,7.3,43.8,0.4505
2005-02-01 23:00:00,1055.0,783.0,805.0,969.0,1167.0,6.7,47.6,0.4688
2005-02-02 00:00:00,1059.0,747.0,820.0,964.0,1133.0,6.6,51.2,0.5007
2005-02-02 01:00:00,1063.0,769.0,807.0,993.0,1109.0,6.4,52.6,0.5074
2005-02-02 02:00:00,1135.0,854.0,722.0,1065.0,1218.0,5.3,57.8,0.5177
2005-02-02 03:00:00,1126.0,869.0,680.0,1075.0,1222.0,3.4,66.7,0.5281
2005-02-02 04:00:00,1058.0,753.0,764.0,986.0,1149.0,3.3,66.8,0.5215
2005-02-02 05:00:00,1040.0,688.0,846.0,920.0,1090.0,3.7,62.9,0.5059
2005-02-02 06:00:00,1069.0,737.0,792.0,946.0,1114.0,2.6,67.5,0.5034
2005-02-02 07:00:00,1042.0,771.0,795.0,941.0,1089.0,3.5,60.9,0.4857
2005-02-02 08:00:00,1322.0,1151.0,566.0,1286.0,1446.0,2.7,63.4,0.4787
2005-02-02 09:00:00,1549.0,1485.0,422.0,1638.0,1930.0,2.8,64.2,0.4859
2005-02-02 10:00:00,1416.0,1285.0,501.0,1390.0,1809.0,5.8,53.1,0.4942
2005-02-02 11:00:00,1337.0,1143.0,560.0,1236.0,1769.0,9.7,40.1,0.4832
2005-02-02 12:00:00,1281.0,1132.0,577.0,1206.0,1696.0,12.7,30.0,0.4398
2005-02-02 13:00:00,1037.0,981.0,721.0,1000.0,1086.0,13.7,20.7,0.3221
2005-02-02 14:00:00,1028.0,983.0,728.0,979.0,1048.0,13.7,19.9,0.3114
2005-02-02 15:00:00,984.0,913.0,762.0,930.0,990.0,14.1,18.1,0.2884
2005-02-02 16:00:00,1010.0,940.0,759.0,960.0,1027.0,14.5,18.0,0.2956
2005-02-02 17:00:00,1113.0,1096.0,645.0,1092.0,1359.0,13.2,20.4,0.3074
2005-02-02 18:00:00,1253.0,1284.0,536.0,1285.0,1618.0,10.5,25.1,0.3194
2005-02-02 19:00:00,1400.0,1499.0,461.0,1527.0,1869.0,8.9,31.4,0.3597
2005-02-02 20:00:00,1470.0,1584.0,436.0,1641.0,2033.0,8.2,36.2,0.3953
2005-02-02 21:00:00,1281.0,1168.0,571.0,1195.0,1756.0,6.7,39.6,0.3906
2005-02-02 22:00:00,1084.0,855.0,748.0,939.0,1446.0,5.8,42.0,0.3904
2005-02-02 23:00:00,1097.0,892.0,719.0,979.0,1423.0,4.9,45.9,0.3999
2005-02-03 00:00:00,1032.0,791.0,793.0,915.0,1278.0,4.5,47.9,0.4079
2005-02-03 01:00:00,1046.0,812.0,782.0,940.0,1265.0,3.9,51.6,0.4226
2005-02-03 02:00:00,975.0,707.0,860.0,902.0,1107.0,3.4,54.7,0.4323
2005-02-03 03:00:00,932.0,642.0,950.0,871.0,1014.0,3.3,56.1,0.4379
2005-02-03 04:00:00,926.0,623.0,954.0,873.0,1011.0,2.0,60.8,0.4337
2005-02-03 05:00:00,932.0,645.0,916.0,882.0,1006.0,1.2,63.7,0.4327
2005-02-03 06:00:00,937.0,640.0,923.0,870.0,1010.0,2.1,60.3,0.4368
2005-02-03 07:00:00,996.0,724.0,861.0,938.0,1067.0,1.3,63.1,0.4322
2005-02-03 08:00:00,1382.0,1202.0,534.0,1352.0,1630.0,1.3,64.8,0.441
2005-02-03 09:00:00,1544.0,1530.0,416.0,1706.0,2030.0,2.1,62.2,0.4491
2005-02-03 10:00:00,1429.0,1317.0,495.0,1425.0,1916.0,5.1,50.8,0.4499
2005-02-03 11:00:00,1312.0,1164.0,570.0,1230.0,1761.0,8.5,39.7,0.4425
2005-02-03 12:00:00,1205.0,989.0,643.0,1084.0,1597.0,11.5,33.0,0.4476
2005-02-03 13:00:00,1322.0,1110.0,568.0,1208.0,1776.0,12.2,34.3,0.4864
2005-02-03 14:00:00,1301.0,1074.0,574.0,1255.0,1636.0,13.5,35.0,0.5396
2005-02-03 15:00:00,1280.0,1030.0,597.0,1246.0,1480.0,14.9,34.9,0.5869
2005-02-03 16:00:00,1256.0,986.0,612.0,1240.0,1413.0,15.7,34.5,0.6111
2005-02-03 17:00:00,1358.0,1128.0,545.0,1344.0,1611.0,14.7,37.2,0.618
2005-02-03 18:00:00,1713.0,1605.0,383.0,1870.0,2186.0,12.2,44.8,0.6342
2005-02-03 19:00:00,1655.0,1527.0,393.0,1758.0,2203.0,10.3,52.4,0.6578
2005-02-03 20:00:00,1444.0,1227.0,485.0,1414.0,1891.0,9.3,55.5,0.6503
2005-02-03 21:00:00,1314.0,1069.0,571.0,1271.0,1662.0,8.3,57.6,0.6304
2005-02-03 22:00:00,1368.0,1164.0,524.0,1350.0,1674.0,6.3,65.1,0.6237
2005-02-03 23:00:00,1195.0,943.0,645.0,1149.0,1462.0,6.5,63.1,0.6132
2005-02-04 00:00:00,1083.0,828.0,734.0,1067.0,1273.0,6.0,62.7,0.589
2005-02-04 01:00:00,1055.0,771.0,781.0,1030.0,1174.0,5.1,65.4,0.5797
2005-02-04 02:00:00,973.0,672.0,887.0,954.0,1031.0,4.7,64.6,0.5568
2005-02-04 03:00:00,1039.0,777.0,778.0,1031.0,1082.0,2.9,72.2,0.5523
2005-02-04 04:00:00,949.0,657.0,895.0,948.0,991.0,5.0,63.5,0.5575
2005-02-04 05:00:00,920.0,601.0,974.0,920.0,925.0,3.9,65.5,0.5367
2005-02-04 06:00:00,989.0,703.0,843.0,988.0,1017.0,1.8,74.5,0.5271
2005-02-04 07:00:00,1100.0,854.0,714.0,1075.0,1187.0,1.8,73.7,0.5198
2005-02-04 08:00:00,1411.0,1288.0,492.0,1472.0,1638.0,2.3,70.9,0.5182
2005-02-04 09:00:00,1328.0,1300.0,499.0,1405.0,1672.0,4.4,61.1,0.5176
2005-02-04 10:00:00,1308.0,1189.0,534.0,1325.0,1656.0,7.7,49.8,0.5267
2005-02-04 11:00:00,1280.0,1127.0,558.0,1277.0,1641.0,12.1,36.9,0.5212
2005-02-04 12:00:00,1056.0,857.0,735.0,1028.0,1117.0,15.0,28.5,0.4821
2005-02-04 13:00:00,1019.0,825.0,781.0,994.0,901.0,14.5,28.3,0.4665
2005-02-04 14:00:00,1084.0,923.0,712.0,1085.0,1046.0,12.9,31.8,0.4707
2005-02-04 15:00:00,998.0,841.0,792.0,979.0,884.0,12.1,32.3,0.4548
2005-02-04 16:00:00,987.0,816.0,816.0,959.0,821.0,11.3,33.5,0.4476
2005-02-04 17:00:00,1079.0,932.0,719.0,1018.0,1056.0,11.4,32.6,0.4373
2005-02-04 18:00:00,1096.0,954.0,687.0,1085.0,1139.0,9.1,37.8,0.4372
2005-02-04 19:00:00,1146.0,1043.0,639.0,1169.0,1248.0,8.1,41.0,0.4458
2005-02-04 20:00:00,1125.0,1025.0,653.0,1147.0,1200.0,7.7,41.9,0.4409
2005-02-04 21:00:00,1130.0,968.0,680.0,1102.0,1220.0,7.1,43.9,0.4433
2005-02-04 22:00:00,1017.0,805.0,807.0,958.0,1032.0,6.3,45.8,0.4408
2005-02-04 23:00:00,1017.0,776.0,843.0,946.0,971.0,6.0,46.1,0.4351
2005-02-05 00:00:00,1041.0,778.0,828.0,947.0,1011.0,5.5,49.0,0.4471
2005-02-05 01:00:00,1034.0,769.0,816.0,952.0,1049.0,4.9,52.0,0.4548
2005-02-05 02:00:00,1009.0,751.0,828.0,939.0,1053.0,4.1,54.7,0.4536
2005-02-05 03:00:00,1105.0,828.0,735.0,997.0,1157.0,2.1,64.2,0.4633
2005-02-05 04:00:00,1084.0,859.0,703.0,1017.0,1163.0,1.5,66.2,0.4571
2005-02-05 05:00:00,989.0,731.0,815.0,936.0,1018.0,1.0,67.7,0.4523
2005-02-05 06:00:00,1047.0,792.0,757.0,957.0,1121.0,0.8,69.9,0.4591
2005-02-05 07:00:00,1091.0,868.0,705.0,1021.0,1200.0,1.3,67.2,0.4598
2005-02-05 08:00:00,1263.0,1074.0,614.0,1198.0,1403.0,2.0,63.6,0.4564
2005-02-05 09:00:00,1165.0,1024.0,646.0,1134.0,1365.0,4.1,52.7,0.4345
2005-02-05 10:00:00,966.0,760.0,877.0,890.0,940.0,7.5,39.2,0.4091
2005-02-05 11:00:00,927.0,702.0,932.0,847.0,750.0,9.0,34.5,0.398
2005-02-05 12:00:00,909.0,678.0,960.0,838.0,652.0,9.2,34.5,0.4025
2005-02-05 13:00:00,941.0,723.0,922.0,880.0,643.0,9.3,33.8,0.3981
2005-02-05 14:00:00,903.0,696.0,932.0,850.0,629.0,9.3,33.1,0.3874
2005-02-05 15:00:00,891.0,668.0,991.0,819.0,549.0,9.7,30.8,0.3716
2005-02-05 16:00:00,904.0,674.0,968.0,824.0,578.0,9.6,31.1,0.3718
2005-02-05 17:00:00,900.0,659.0,990.0,807.0,582.0,8.6,32.8,0.3669
2005-02-05 18:00:00,926.0,725.0,933.0,847.0,694.0,7.2,35.0,0.3567
2005-02-05 19:00:00,999.0,821.0,846.0,915.0,926.0,6.4,36.8,0.3566
2005-02-05 20:00:00,994.0,774.0,854.0,917.0,915.0,6.0,40.2,0.3773
2005-02-05 21:00:00,1010.0,801.0,826.0,944.0,986.0,5.5,42.6,0.3874
2005-02-05 22:00:00,938.0,685.0,934.0,870.0,840.0,4.9,43.7,0.3809
2005-02-05 23:00:00,983.0,760.0,869.0,898.0,939.0,4.2,43.2,0.3605
2005-02-06 00:00:00,963.0,749.0,900.0,834.0,869.0,4.0,39.2,0.3228
2005-02-06 01:00:00,962.0,756.0,902.0,843.0,908.0,3.7,40.1,0.323
2005-02-06 02:00:00,980.0,761.0,854.0,876.0,1051.0,3.1,47.1,0.3638
2005-02-06 03:00:00,914.0,644.0,972.0,832.0,922.0,2.6,48.8,0.3658
2005-02-06 04:00:00,898.0,624.0,987.0,825.0,871.0,0.8,53.8,0.3542
2005-02-06 05:00:00,854.0,572.0,1070.0,788.0,793.0,1.2,51.9,0.3515
2005-02-06 06:00:00,838.0,531.0,1146.0,774.0,753.0,1.0,52.2,0.3489
2005-02-06 07:00:00,831.0,543.0,1132.0,787.0,737.0,0.6,53.3,0.3467
2005-02-06 08:00:00,833.0,526.0,1169.0,771.0,722.0,0.8,52.8,0.3468
2005-02-06 09:00:00,870.0,582.0,1091.0,791.0,737.0,0.3,53.7,0.3424
2005-02-06 10:00:00,984.0,727.0,891.0,908.0,913.0,4.1,42.9,0.3551
2005-02-06 11:00:00,1065.0,844.0,780.0,979.0,1117.0,8.0,33.3,0.3591
2005-02-06 12:00:00,968.0,743.0,886.0,840.0,774.0,10.7,25.2,0.3242
2005-02-06 13:00:00,911.0,683.0,981.0,790.0,558.0,11.1,23.5,0.3105
2005-02-06 14:00:00,868.0,590.0,1081.0,753.0,420.0,10.6,26.0,0.332
2005-02-06 15:00:00,868.0,576.0,1128.0,755.0,363.0,10.3,27.7,0.3481
2005-02-06 16:00:00,904.0,633.0,1040.0,789.0,410.0,10.2,28.3,0.3516
2005-02-06 17:00:00,944.0,693.0,928.0,832.0,568.0,9.2,29.9,0.3479
2005-02-06 18:00:00,925.0,649.0,1003.0,819.0,570.0,6.9,36.4,0.3635
2005-02-06 19:00:00,985.0,736.0,891.0,875.0,774.0,6.0,38.0,0.3584
2005-02-06 20:00:00,1002.0,780.0,855.0,892.0,857.0,5.8,36.4,0.3385
2005-02-06 21:00:00,938.0,692.0,937.0,805.0,737.0,5.8,35.4,0.3286
2005-02-06 22:00:00,896.0,627.0,1033.0,782.0,610.0,5.4,36.6,0.3304
2005-02-06 23:00:00,907.0,614.0,1052.0,782.0,627.0,5.1,37.9,0.3358
2005-02-07 00:00:00,902.0,613.0,1049.0,777.0,566.0,4.8,38.0,0.33
2005-02-07 01:00:00,885.0,582.0,1072.0,760.0,517.0,4.5,38.1,0.3249
2005-02-07 02:00:00,863.0,545.0,1119.0,749.0,484.0,4.3,38.1,0.3207
2005-02-07 03:00:00,861.0,518.0,1141.0,738.0,482.0,3.9,39.9,0.325
2005-02-07 04:00:00,852.0,482.0,1187.0,726.0,496.0,3.8,41.0,0.3327
2005-02-07 05:00:00,879.0,495.0,1147.0,753.0,623.0,3.3,44.6,0.3499
2005-02-07 06:00:00,900.0,525.0,1090.0,780.0,696.0,3.6,44.5,0.3574
2005-02-07 07:00:00,963.0,615.0,980.0,837.0,916.0,3.4,47.0,0.3713
2005-02-07 08:00:00,1183.0,929.0,675.0,1037.0,1309.0,2.9,49.5,0.3775
2005-02-07 09:00:00,1161.0,996.0,639.0,1067.0,1396.0,5.6,40.5,0.3704
2005-02-07 10:00:00,1102.0,896.0,720.0,969.0,1226.0,7.5,33.8,0.352
2005-02-07 11:00:00,1029.0,835.0,771.0,897.0,1002.0,10.8,25.2,0.3251
2005-02-07 12:00:00,973.0,797.0,845.0,845.0,769.0,12.9,20.6,0.3045
2005-02-07 13:00:00,981.0,820.0,807.0,876.0,784.0,12.2,21.4,0.3033
2005-02-07 14:00:00,960.0,784.0,842.0,868.0,643.0,12.0,21.9,0.3069
2005-02-07 15:00:00,973.0,761.0,862.0,865.0,682.0,12.2,24.0,0.3392
2005-02-07 16:00:00,968.0,765.0,843.0,863.0,692.0,12.0,24.3,0.3393
2005-02-07 17:00:00,1022.0,854.0,771.0,941.0,926.0,10.5,27.8,0.3525
2005-02-07 18:00:00,1067.0,879.0,740.0,989.0,996.0,8.7,33.9,0.3832
2005-02-07 19:00:00,1101.0,908.0,707.0,1025.0,1095.0,7.8,37.6,0.4004
2005-02-07 20:00:00,1081.0,885.0,720.0,1017.0,1058.0,7.2,39.4,0.4032
2005-02-07 21:00:00,988.0,738.0,843.0,906.0,893.0,7.1,39.6,0.4019
2005-02-07 22:00:00,932.0,630.0,980.0,842.0,681.0,7.1,39.6,0.4001
2005-02-07 23:00:00,923.0,602.0,1028.0,831.0,599.0,7.2,39.3,0.4004
2005-02-08 00:00:00,915.0,589.0,1045.0,813.0,550.0,6.9,39.6,0.3966
2005-02-08 01:00:00,879.0,534.0,1129.0,785.0,470.0,7.0,39.8,0.4006
2005-02-08 02:00:00,852.0,479.0,1275.0,761.0,375.0,7.1,40.5,0.409
2005-02-08 03:00:00,844.0,453.0,1378.0,748.0,337.0,6.9,40.9,0.4091
2005-02-08 04:00:00,878.0,496.0,1182.0,782.0,451.0,6.0,42.9,0.404
2005-02-08 05:00:00,910.0,524.0,1102.0,802.0,600.0,6.4,42.7,0.4126
2005-02-08 06:00:00,918.0,551.0,1062.0,817.0,712.0,6.1,43.6,0.4129
2005-02-08 07:00:00,991.0,653.0,944.0,885.0,931.0,5.9,45.1,0.4211
2005-02-08 08:00:00,1223.0,979.0,658.0,1120.0,1332.0,6.0,46.4,0.4367
2005-02-08 09:00:00,1277.0,1153.0,543.0,1268.0,1520.0,6.6,43.7,0.4273
2005-02-08 10:00:00,1114.0,922.0,689.0,1022.0,1223.0,8.7,36.3,0.4074
2005-02-08 11:00:00,1088.0,853.0,729.0,996.0,1122.0,10.5,33.4,0.4246
2005-02-08 12:00:00,1064.0,881.0,727.0,979.0,1099.0,11.4,27.8,0.3748
2005-02-08 13:00:00,1047.0,854.0,753.0,959.0,904.0,12.7,27.4,0.4011
2005-02-08 14:00:00,1075.0,920.0,726.0,992.0,1022.0,13.3,23.3,0.354
2005-02-08 15:00:00,973.0,777.0,858.0,844.0,719.0,13.9,20.7,0.3271
2005-02-08 16:00:00,942.0,733.0,912.0,800.0,609.0,13.6,20.0,0.3093
2005-02-08 17:00:00,-200.0,-200.0,-200.0,-200.0,-200.0,-200.0,-200.0,-200.0
2005-02-08 18:00:00,-200.0,-200.0,-200.0,-200.0,-200.0,-200.0,-200.0,-200.0
2005-02-08 19:00:00,-200.0,-200.0,-200.0,-200.0,-200.0,-200.0,-200.0,-200.0
2005-02-08 20:00:00,-200.0,-200.0,-200.0,-200.0,-200.0,-200.0,-200.0,-200.0
2005-02-08 21:00:00,-200.0,-200.0,-200.0,-200.0,-200.0,-200.0,-200.0,-200.0
2005-02-08 22:00:00,-200.0,-200.0,-200.0,-200.0,-200.0,-200.0,-200.0,-200.0
2005-02-08 23:00:00,-200.0,-200.0,-200.0,-200.0,-200.0,-200.0,-200.0,-200.0
2005-02-09 00:00:00,-200.0,-200.0,-200.0,-200.0,-200.0,-200.0,-200.0,-200.0
2005-02-09 01:00:00,-200.0,-200.0,-200.0,-200.0,-200.0,-200.0,-200.0,-200.0
2005-02-09 02:00:00,-200.0,-200.0,-200.0,-200.0,-200.0,-200.0,-200.0,-200.0
2005-02-09 03:00:00,-200.0,-200.0,-200.0,-200.0,-200.0,-200.0,-200.0,-200.0
2005-02-09 04:00:00,-200.0,-200.0,-200.0,-200.0,-200.0,-200.0,-200.0,-200.0
2005-02-09 05:00:00,-200.0,-200.0,-200.0,-200.0,-200.0,-200.0,-200.0,-200.0
2005-02-09 06:00:00,-200.0,-200.0,-200.0,-200.0,-200.0,-200.0,-200.0,-200.0
2005-02-09 07:00:00,-200.0,-200.0,-200.0,-200.0,-200.0,-200.0,-200.0,-200.0
2005-02-09 08:00:00,-200.0,-200.0,-200.0,-200.0,-200.0,-200.0,-200.0,-200.0
2005-02-09 09:00:00,-200.0,-200.0,-200.0,-200.0,-200.0,-200.0,-200.0,-200.0
2005-02-09 10:00:00,-200.0,-200.0,-200.0,-200.0,-200.0,-200.0,-200.0,-200.0
2005-02-09 11:00:00,-200.0,-200.0,-200.0,-200.0,-200.0,-200.0,-200.0,-200.0
2005-02-09 12:00:00,-200.0,-200.0,-200.0,-200.0,-200.0,-200.0,-200.0,-200.0
2005-02-09 13:00:00,-200.0,-200.0,-200.0,-200.0,-200.0,-200.0,-200.0,-200.0
2005-02-09 14:00:00,-200.0,-200.0,-200.0,-200.0,-200.0,-200.0,-200.0,-200.0
2005-02-09 15:00:00,-200.0,-200.0,-200.0,-200.0,-200.0,-200.0,-200.0,-200.0
2005-02-09 16:00:00,-200.0,-200.0,-200.0,-200.0,-200.0,-200.0,-200.0,-200.0
2005-02-09 17:00:00,-200.0,-200.0,-200.0,-200.0,-200.0,-200.0,-200.0,-200.0
2005-02-09 18:00:00,-200.0,-200.0,-200.0,-200.0,-200.0,-200.0,-200.0,-200.0
2005-02-09 19:00:00,-200.0,-200.0,-200.0,-200.0,-200.0,-200.0,-200.0,-200.0
2005-02-09 20:00:00,-200.0,-200.0,-200.0,-200.0,-200.0,-200.0,-200.0,-200.0
2005-02-09 21:00:00,-200.0,-200.0,-200.0,-200.0,-200.0,-200.0,-200.0,-200.0
2005-02-09 22:00:00,-200.0,-200.0,-200.0,-200.0,-200.0,-200.0,-200.0,-200.0
2005-02-09 23:00:00,-200.0,-200.0,-200.0,-200.0,-200.0,-200.0,-200.0,-200.0
2005-02-10 00:00:00,-200.0,-200.0,-200.0,-200.0,-200.0,-200.0,-200.0,-200.0
2005-02-10 01:00:00,-200.0,-200.0,-200.0,-200.0,-200.0,-200.0,-200.0,-200.0
2005-02-10 02:00:00,-200.0,-200.0,-200.0,-200.0,-200.0,-200.0,-200.0,-200.0
2005-02-10 03:00:00,-200.0,-200.0,-200.0,-200.0,-200.0,-200.0,-200.0,-200.0
2005-02-10 04:00:00,-200.0,-200.0,-200.0,-200.0,-200.0,-200.0,-200.0,-200.0
2005-02-10 05:00:00,-200.0,-200.0,-200.0,-200.0,-200.0,-200.0,-200.0,-200.0
2005-02-10 06:00:00,-200.0,-200.0,-200.0,-200.0,-200.0,-200.0,-200.0,-200.0
2005-02-10 07:00:00,0.0,0.0,0.0,0.0,0.0,0.0,0.0,0.0
2005-02-10 08:00:00,0.0,0.0,0.0,0.0,0.0,0.0,0.0,0.0
2005-02-10 09:00:00,0.0,0.0,0.0,0.0,0.0,0.0,0.0,0.0
2005-02-10 10:00:00,0.0,0.0,0.0,0.0,0.0,0.0,0.0,0.0
2005-02-10 11:00:00,0.0,0.0,0.0,0.0,0.0,0.0,0.0,0.0
2005-02-10 12:00:00,0.0,0.0,0.0,0.0,0.0,0.0,0.0,0.0
2005-02-10 13:00:00,0.0,0.0,0.0,0.0,0.0,0.0,0.0,0.0
2005-02-10 14:00:00,0.0,0.0,0.0,0.0,0.0,0.0,0.0,0.0
2005-02-10 15:00:00,0.0,0.0,0.0,0.0,0.0,0.0,0.0,0.0
2005-02-10 16:00:00,0.0,0.0,0.0,0.0,0.0,0.0,0.0,0.0
2005-02-10 17:00:00,0.0,0.0,0.0,0.0,0.0,0.0,0.0,0.0
2005-02-10 18:00:00,0.0,0.0,0.0,0.0,0.0,0.0,0.0,0.0
2005-02-10 19:00:00,0.0,0.0,0.0,0.0,0.0,0.0,0.0,0.0
2005-02-10 20:00:00,0.0,0.0,0.0,0.0,0.0,0.0,0.0,0.0
2005-02-10 21:00:00,0.0,0.0,0.0,0.0,0.0,0.0,0.0,0.0
2005-02-10 22:00:00,0.0,0.0,0.0,0.0,0.0,0.0,0.0,0.0
2005-02-10 23:00:00,0.0,0.0,0.0,0.0,0.0,0.0,0.0,0.0
2005-02-11 00:00:00,0.0,0.0,0.0,0.0,0.0,0.0,0.0,0.0
2005-02-11 01:00:00,0.0,0.0,0.0,0.0,0.0,0.0,0.0,0.0
2005-02-11 02:00:00,0.0,0.0,0.0,0.0,0.0,0.0,0.0,0.0
2005-02-11 03:00:00,0.0,0.0,0.0,0.0,0.0,0.0,0.0,0.0
2005-02-11 04:00:00,0.0,0.0,0.0,0.0,0.0,0.0,0.0,0.0
2005-02-11 05:00:00,0.0,0.0,0.0,0.0,0.0,0.0,0.0,0.0
2005-02-11 06:00:00,0.0,0.0,0.0,0.0,0.0,0.0,0.0,0.0
2005-02-11 07:00:00,0.0,0.0,0.0,0.0,0.0,0.0,0.0,0.0
2005-02-11 08:00:00,0.0,0.0,0.0,0.0,0.0,0.0,0.0,0.0
2005-02-11 09:00:00,0.0,0.0,0.0,0.0,0.0,0.0,0.0,0.0
2005-02-11 10:00:00,0.0,0.0,0.0,0.0,0.0,0.0,0.0,0.0
2005-02-11 11:00:00,0.0,0.0,0.0,0.0,0.0,0.0,0.0,0.0
2005-02-11 12:00:00,0.0,0.0,0.0,0.0,0.0,0.0,0.0,0.0
2005-02-11 13:00:00,0.0,0.0,0.0,0.0,0.0,0.0,0.0,0.0
2005-02-11 14:00:00,0.0,0.0,0.0,0.0,0.0,0.0,0.0,0.0
2005-02-11 15:00:00,0.0,0.0,0.0,0.0,0.0,0.0,0.0,0.0
2005-02-11 16:00:00,0.0,0.0,0.0,0.0,0.0,0.0,0.0,0.0
2005-02-11 17:00:00,0.0,0.0,0.0,0.0,0.0,0.0,0.0,0.0
2005-02-11 18:00:00,0.0,0.0,0.0,0.0,0.0,0.0,0.0,0.0
2005-02-11 19:00:00,0.0,0.0,0.0,0.0,0.0,0.0,0.0,0.0
2005-02-11 20:00:00,0.0,0.0,0.0,0.0,0.0,0.0,0.0,0.0
2005-02-11 21:00:00,1521.0,1203.0,476.0,1400.0,2141.0,8.5,50.9,0.5664
2005-02-11 22:00:00,1428.0,1085.0,526.0,1268.0,2023.0,8.3,53.3,0.5843
2005-02-11 23:00:00,1463.0,1069.0,530.0,1279.0,1967.0,7.1,58.1,0.5885
2005-02-12 00:00:00,1494.0,1124.0,504.0,1313.0,1931.0,5.8,64.3,0.5964
2005-02-12 01:00:00,1462.0,1080.0,522.0,1274.0,1889.0,5.3,66.8,0.5979
2005-02-12 02:00:00,1326.0,967.0,578.0,1174.0,1699.0,5.0,66.6,0.5871
2005-02-12 03:00:00,1185.0,807.0,685.0,1051.0,1467.0,5.0,66.3,0.5811
2005-02-12 04:00:00,1154.0,788.0,709.0,1065.0,1390.0,5.1,65.9,0.5827
2005-02-12 05:00:00,1175.0,839.0,670.0,1087.0,1371.0,4.1,69.0,0.5735
2005-02-12 06:00:00,1203.0,870.0,641.0,1103.0,1427.0,4.6,67.6,0.5778
2005-02-12 07:00:00,1250.0,933.0,620.0,1144.0,1489.0,5.2,65.5,0.5836
2005-02-12 08:00:00,1321.0,1046.0,562.0,1263.0,1610.0,6.0,62.8,0.5929
2005-02-12 09:00:00,1323.0,1049.0,550.0,1290.0,1619.0,7.1,59.3,0.6005
2005-02-12 10:00:00,1381.0,1045.0,541.0,1307.0,1706.0,7.8,58.0,0.6136
2005-02-12 11:00:00,1480.0,1186.0,498.0,1382.0,1882.0,9.0,54.7,0.6271
2005-02-12 12:00:00,1485.0,1229.0,477.0,1450.0,1911.0,10.0,53.1,0.6495
2005-02-12 13:00:00,1522.0,1229.0,470.0,1488.0,1943.0,10.8,52.0,0.6738
2005-02-12 14:00:00,1570.0,1224.0,468.0,1448.0,2020.0,11.0,51.4,0.6746
2005-02-12 15:00:00,1507.0,1170.0,488.0,1392.0,1999.0,11.0,51.4,0.6725
2005-02-12 16:00:00,1540.0,1202.0,475.0,1440.0,2008.0,10.9,52.0,0.6796
2005-02-12 17:00:00,1556.0,1214.0,472.0,1435.0,2026.0,11.1,52.0,0.6869
2005-02-12 18:00:00,1707.0,1378.0,416.0,1637.0,2225.0,11.0,53.6,0.7033
2005-02-12 19:00:00,1766.0,1419.0,404.0,1659.0,2317.0,11.0,55.1,0.7221
2005-02-12 20:00:00,1846.0,1474.0,389.0,1712.0,2426.0,11.4,55.4,0.7471
2005-02-12 21:00:00,1795.0,1382.0,410.0,1609.0,2355.0,11.1,56.9,0.7506
2005-02-12 22:00:00,1755.0,1352.0,417.0,1587.0,2375.0,10.2,60.0,0.7461
2005-02-12 23:00:00,1738.0,1309.0,424.0,1543.0,2494.0,10.1,59.9,0.7379
2005-02-13 00:00:00,1712.0,1239.0,443.0,1488.0,2411.0,9.9,63.2,0.7706
2005-02-13 01:00:00,1751.0,1255.0,435.0,1541.0,2226.0,9.4,73.4,0.8662
2005-02-13 02:00:00,1574.0,1093.0,497.0,1451.0,1808.0,9.4,77.7,0.9203
2005-02-13 03:00:00,1458.0,1024.0,530.0,1413.0,1571.0,9.6,78.7,0.9429
2005-02-13 04:00:00,1515.0,1066.0,508.0,1430.0,1548.0,8.9,81.3,0.9277
2005-02-13 05:00:00,1491.0,1031.0,515.0,1387.0,1541.0,8.5,82.9,0.9243
2005-02-13 06:00:00,1453.0,1012.0,534.0,1348.0,1441.0,8.3,84.0,0.9234
2005-02-13 07:00:00,1443.0,1003.0,542.0,1356.0,1396.0,8.1,85.0,0.9221
2005-02-13 08:00:00,1473.0,1047.0,522.0,1420.0,1411.0,8.7,83.7,0.9423
2005-02-13 09:00:00,1548.0,1097.0,491.0,1477.0,1497.0,9.5,82.4,0.976
2005-02-13 10:00:00,1586.0,1084.0,495.0,1473.0,1619.0,11.0,78.2,1.022
2005-02-13 11:00:00,1488.0,1023.0,533.0,1456.0,1590.0,14.1,67.9,1.0859
2005-02-13 12:00:00,1220.0,787.0,675.0,1310.0,1163.0,16.3,56.6,1.0422
2005-02-13 13:00:00,1198.0,758.0,698.0,1277.0,1001.0,18.7,48.0,1.0259
2005-02-13 14:00:00,1168.0,836.0,666.0,1278.0,822.0,19.5,39.3,0.882
2005-02-13 15:00:00,1149.0,917.0,616.0,1293.0,773.0,19.9,34.1,0.782
2005-02-13 16:00:00,1052.0,734.0,799.0,1109.0,588.0,19.4,32.4,0.7239
2005-02-13 17:00:00,1053.0,727.0,789.0,1081.0,610.0,17.1,35.8,0.6944
2005-02-13 18:00:00,1238.0,1037.0,583.0,1388.0,1000.0,15.5,40.7,0.7103
2005-02-13 19:00:00,1188.0,939.0,658.0,1234.0,1048.0,14.8,42.8,0.7182
2005-02-13 20:00:00,1150.0,891.0,684.0,1198.0,1002.0,13.9,43.8,0.6937
2005-02-13 21:00:00,984.0,694.0,881.0,1032.0,711.0,13.7,42.9,0.6687
2005-02-13 22:00:00,1111.0,777.0,760.0,1137.0,1024.0,12.5,47.8,0.6877
2005-02-13 23:00:00,1131.0,793.0,728.0,1173.0,1054.0,11.8,53.4,0.7366
2005-02-14 00:00:00,1115.0,778.0,749.0,1158.0,994.0,10.9,55.9,0.7312
2005-02-14 01:00:00,1133.0,811.0,708.0,1182.0,1031.0,10.1,58.9,0.7301
2005-02-14 02:00:00,1024.0,709.0,798.0,1120.0,884.0,9.8,61.2,0.7413
2005-02-14 03:00:00,968.0,639.0,891.0,1080.0,794.0,8.4,67.1,0.7411
2005-02-14 04:00:00,923.0,567.0,994.0,1024.0,688.0,8.3,67.2,0.7382
2005-02-14 05:00:00,902.0,548.0,1063.0,1024.0,617.0,7.7,68.9,0.728
2005-02-14 06:00:00,995.0,646.0,895.0,1053.0,818.0,6.9,70.0,0.6997
2005-02-14 07:00:00,858.0,597.0,1054.0,857.0,690.0,9.0,37.3,0.4297
2005-02-14 08:00:00,1233.0,1030.0,619.0,1257.0,1291.0,9.4,44.9,0.5296
2005-02-14 09:00:00,1140.0,958.0,627.0,1175.0,1200.0,10.3,45.4,0.5666
2005-02-14 10:00:00,1096.0,1036.0,635.0,1043.0,1127.0,11.5,39.6,0.5372
2005-02-14 11:00:00,1295.0,1639.0,477.0,1013.0,1582.0,11.7,36.9,0.506
2005-02-14 12:00:00,926.0,882.0,744.0,913.0,700.0,11.8,36.2,0.4999
2005-02-14 13:00:00,970.0,857.0,748.0,990.0,693.0,12.0,38.7,0.5402
2005-02-14 14:00:00,960.0,853.0,782.0,967.0,709.0,13.7,30.3,0.4724
2005-02-14 15:00:00,941.0,800.0,823.0,917.0,671.0,12.6,30.6,0.4443
2005-02-14 16:00:00,921.0,771.0,850.0,885.0,632.0,13.0,27.4,0.4085
2005-02-14 17:00:00,940.0,829.0,823.0,901.0,716.0,13.6,22.7,0.3529
2005-02-14 18:00:00,1036.0,1046.0,694.0,1044.0,1059.0,11.8,23.0,0.3171
2005-02-14 19:00:00,1102.0,1221.0,609.0,1136.0,1329.0,10.7,19.9,0.2547
2005-02-14 20:00:00,1035.0,1141.0,670.0,1018.0,1196.0,10.4,18.0,0.2269
2005-02-14 21:00:00,990.0,978.0,751.0,928.0,1131.0,9.7,20.6,0.2488
2005-02-14 22:00:00,950.0,839.0,834.0,878.0,977.0,9.4,24.8,0.2923
2005-02-14 23:00:00,988.0,839.0,803.0,936.0,963.0,8.8,31.2,0.3533
2005-02-15 00:00:00,884.0,658.0,982.0,813.0,581.0,8.7,31.2,0.3521
2005-02-15 01:00:00,840.0,597.0,1081.0,766.0,432.0,8.5,30.4,0.3391
2005-02-15 02:00:00,814.0,526.0,1228.0,740.0,352.0,8.0,32.9,0.353
2005-02-15 03:00:00,821.0,509.0,1235.0,762.0,348.0,7.1,37.4,0.3799
2005-02-15 04:00:00,802.0,440.0,1413.0,738.0,312.0,6.9,39.1,0.3901
2005-02-15 05:00:00,805.0,437.0,1491.0,738.0,296.0,6.9,39.8,0.3966
2005-02-15 06:00:00,850.0,529.0,1183.0,780.0,385.0,6.1,40.8,0.3868
2005-02-15 07:00:00,913.0,619.0,1018.0,834.0,586.0,6.0,41.5,0.3896
2005-02-15 08:00:00,1047.0,844.0,784.0,979.0,987.0,6.1,39.9,0.3781
2005-02-15 09:00:00,1055.0,899.0,731.0,1017.0,1035.0,6.5,39.5,0.3865
2005-02-15 10:00:00,974.0,778.0,832.0,905.0,782.0,9.4,32.7,0.3855
2005-02-15 11:00:00,863.0,669.0,993.0,776.0,511.0,11.3,24.9,0.3318
2005-02-15 12:00:00,889.0,734.0,942.0,801.0,566.0,12.8,19.8,0.2933
2005-02-15 13:00:00,906.0,790.0,893.0,837.0,642.0,12.3,19.3,0.274
2005-02-15 14:00:00,874.0,751.0,918.0,792.0,591.0,12.0,19.3,0.2716
2005-02-15 15:00:00,849.0,680.0,1015.0,741.0,461.0,11.9,19.2,0.2677
2005-02-15 16:00:00,923.0,761.0,909.0,840.0,609.0,12.1,20.7,0.2906
2005-02-15 17:00:00,962.0,841.0,827.0,901.0,821.0,11.5,22.1,0.2987
2005-02-15 18:00:00,1067.0,1059.0,671.0,1085.0,1163.0,10.4,23.1,0.2905
2005-02-15 19:00:00,1125.0,1121.0,630.0,1132.0,1405.0,9.5,25.2,0.2996
2005-02-15 20:00:00,1149.0,1124.0,623.0,1141.0,1405.0,8.9,26.9,0.3069
2005-02-15 21:00:00,1155.0,1034.0,648.0,1061.0,1429.0,8.2,30.1,0.327
2005-02-15 22:00:00,1065.0,908.0,741.0,953.0,1284.0,7.4,31.8,0.3287
2005-02-15 23:00:00,1145.0,946.0,699.0,1015.0,1409.0,6.6,37.5,0.3664
2005-02-16 00:00:00,1134.0,912.0,707.0,999.0,1376.0,6.3,40.1,0.3842
2005-02-16 01:00:00,1195.0,1004.0,652.0,1078.0,1421.0,5.2,44.2,0.3943
2005-02-16 02:00:00,1141.0,898.0,689.0,1014.0,1356.0,4.4,47.5,0.4017
2005-02-16 03:00:00,1077.0,806.0,725.0,949.0,1296.0,4.0,49.1,0.4019
2005-02-16 04:00:00,1052.0,740.0,768.0,913.0,1202.0,3.3,52.2,0.4074
2005-02-16 05:00:00,1033.0,701.0,782.0,883.0,1206.0,3.2,52.4,0.4071
2005-02-16 06:00:00,1080.0,768.0,732.0,924.0,1305.0,3.6,51.7,0.4123
2005-02-16 07:00:00,1208.0,931.0,622.0,1052.0,1485.0,3.5,54.2,0.4297
2005-02-16 08:00:00,1363.0,1183.0,520.0,1273.0,1643.0,5.2,48.3,0.4304
2005-02-16 09:00:00,1239.0,1096.0,577.0,1211.0,1459.0,7.8,37.6,0.3994
2005-02-16 10:00:00,1044.0,940.0,706.0,1014.0,1152.0,8.9,33.8,0.385
2005-02-16 11:00:00,956.0,761.0,849.0,887.0,885.0,9.1,33.0,0.3827
2005-02-16 12:00:00,955.0,725.0,890.0,880.0,770.0,9.1,34.5,0.3994
2005-02-16 13:00:00,997.0,825.0,790.0,948.0,852.0,9.6,31.3,0.3763
2005-02-16 14:00:00,987.0,810.0,801.0,939.0,830.0,8.5,36.3,0.4026
2005-02-16 15:00:00,1007.0,798.0,793.0,942.0,867.0,9.3,34.6,0.405
2005-02-16 16:00:00,1025.0,795.0,783.0,967.0,881.0,8.9,37.9,0.4318
2005-02-16 17:00:00,1083.0,856.0,720.0,1010.0,975.0,8.2,41.8,0.4563
2005-02-16 18:00:00,1143.0,960.0,641.0,1110.0,1136.0,7.4,44.5,0.4582
2005-02-16 19:00:00,1288.0,1178.0,539.0,1300.0,1434.0,7.0,43.4,0.4366
2005-02-16 20:00:00,1464.0,1421.0,457.0,1542.0,1746.0,6.6,43.4,0.4241
2005-02-16 21:00:00,1341.0,1204.0,534.0,1294.0,1592.0,5.9,44.3,0.4137
2005-02-16 22:00:00,1177.0,1004.0,640.0,1111.0,1341.0,5.0,46.6,0.4099
2005-02-16 23:00:00,1089.0,913.0,712.0,1016.0,1208.0,5.8,40.3,0.374
2005-02-17 00:00:00,1196.0,1014.0,643.0,1101.0,1334.0,5.4,43.8,0.3945
2005-02-17 01:00:00,1107.0,874.0,721.0,984.0,1208.0,5.7,42.1,0.3883
2005-02-17 02:00:00,1102.0,897.0,715.0,1024.0,1196.0,5.7,42.1,0.3885
2005-02-17 03:00:00,993.0,688.0,847.0,874.0,931.0,5.8,42.9,0.399
2005-02-17 04:00:00,912.0,559.0,1016.0,837.0,656.0,5.7,46.6,0.4298
2005-02-17 05:00:00,883.0,496.0,1140.0,804.0,478.0,6.9,45.0,0.4499
2005-02-17 06:00:00,893.0,507.0,1111.0,794.0,489.0,6.9,42.2,0.4224
2005-02-17 07:00:00,1033.0,711.0,893.0,935.0,893.0,6.4,43.8,0.423
2005-02-17 08:00:00,1222.0,966.0,636.0,1134.0,1322.0,6.6,44.6,0.4383
2005-02-17 09:00:00,1190.0,1000.0,624.0,1152.0,1280.0,7.7,42.1,0.444
2005-02-17 10:00:00,1035.0,783.0,794.0,969.0,943.0,10.1,36.7,0.4536
2005-02-17 11:00:00,990.0,705.0,873.0,913.0,772.0,9.0,41.4,0.4775
2005-02-17 12:00:00,1011.0,732.0,830.0,944.0,826.0,8.7,42.5,0.4787
2005-02-17 13:00:00,1041.0,763.0,790.0,1003.0,808.0,8.3,47.8,0.5238
2005-02-17 14:00:00,1086.0,850.0,723.0,1072.0,901.0,8.9,45.5,0.5208
2005-02-17 15:00:00,1021.0,755.0,807.0,980.0,763.0,8.9,46.1,0.5256
2005-02-17 16:00:00,1014.0,761.0,806.0,972.0,722.0,9.0,44.9,0.5173
2005-02-17 17:00:00,1023.0,771.0,807.0,982.0,735.0,9.3,42.3,0.4974
2005-02-17 18:00:00,1172.0,977.0,657.0,1160.0,1047.0,8.4,45.2,0.4977
2005-02-17 19:00:00,1172.0,1017.0,623.0,1185.0,1163.0,7.6,47.8,0.5013
2005-02-17 20:00:00,1219.0,1081.0,590.0,1246.0,1244.0,7.4,47.2,0.4871
2005-02-17 21:00:00,1106.0,891.0,708.0,1058.0,1025.0,7.4,46.9,0.4854
2005-02-17 22:00:00,1078.0,824.0,759.0,1016.0,982.0,6.9,48.2,0.4832
2005-02-17 23:00:00,939.0,637.0,960.0,883.0,607.0,7.1,47.9,0.4867
2005-02-18 00:00:00,975.0,670.0,943.0,910.0,616.0,6.9,48.7,0.4874
2005-02-18 01:00:00,958.0,660.0,935.0,905.0,654.0,6.8,48.2,0.4792
2005-02-18 02:00:00,921.0,594.0,1025.0,867.0,479.0,6.3,49.6,0.4787
2005-02-18 03:00:00,931.0,580.0,983.0,863.0,487.0,5.6,52.9,0.4855
2005-02-18 04:00:00,874.0,472.0,1179.0,803.0,382.0,6.4,49.8,0.4814
2005-02-18 05:00:00,872.0,476.0,1249.0,794.0,350.0,6.9,48.1,0.4796
2005-02-18 06:00:00,904.0,530.0,1079.0,846.0,438.0,6.4,50.2,0.485
2005-02-18 07:00:00,951.0,568.0,1021.0,888.0,578.0,6.4,50.7,0.4886
2005-02-18 08:00:00,1183.0,896.0,673.0,1115.0,1140.0,6.9,48.8,0.4903
2005-02-18 09:00:00,1187.0,970.0,625.0,1174.0,1203.0,8.4,44.6,0.4922
2005-02-18 10:00:00,1072.0,874.0,715.0,1033.0,1000.0,10.8,37.1,0.4794
2005-02-18 11:00:00,1011.0,780.0,805.0,964.0,806.0,11.2,36.2,0.4818
2005-02-18 12:00:00,997.0,752.0,837.0,952.0,724.0,11.8,34.4,0.4758
2005-02-18 13:00:00,989.0,791.0,804.0,953.0,690.0,11.5,33.1,0.4479
2005-02-18 14:00:00,1006.0,837.0,775.0,971.0,757.0,10.9,32.6,0.426
2005-02-18 15:00:00,1016.0,845.0,771.0,987.0,818.0,11.3,31.7,0.4249
2005-02-18 16:00:00,1069.0,918.0,724.0,1045.0,936.0,11.6,30.9,0.4223
2005-02-18 17:00:00,1109.0,989.0,664.0,1096.0,1133.0,11.1,32.2,0.4243
2005-02-18 18:00:00,1182.0,1071.0,617.0,1187.0,1298.0,9.7,36.0,0.4333
2005-02-18 19:00:00,1253.0,1179.0,573.0,1268.0,1387.0,8.5,39.0,0.4336
2005-02-18 20:00:00,1288.0,1228.0,549.0,1333.0,1502.0,8.3,40.3,0.4411
2005-02-18 21:00:00,1153.0,981.0,666.0,1097.0,1273.0,8.0,41.3,0.4448
2005-02-18 22:00:00,1161.0,969.0,677.0,1111.0,1271.0,7.0,44.2,0.4446
2005-02-18 23:00:00,1271.0,1031.0,618.0,1138.0,1464.0,5.4,51.8,0.4698
2005-02-19 00:00:00,1156.0,909.0,684.0,1023.0,1384.0,4.1,55.0,0.4558
2005-02-19 01:00:00,1106.0,850.0,727.0,997.0,1281.0,3.1,57.8,0.4462
2005-02-19 02:00:00,1008.0,726.0,834.0,913.0,1083.0,3.1,56.7,0.4388
2005-02-19 03:00:00,966.0,703.0,865.0,903.0,989.0,2.2,59.6,0.4333
2005-02-19 04:00:00,931.0,627.0,948.0,860.0,911.0,2.3,58.9,0.4317
2005-02-19 05:00:00,922.0,611.0,962.0,867.0,893.0,1.9,60.0,0.4276
2005-02-19 06:00:00,911.0,606.0,950.0,866.0,894.0,1.9,60.3,0.4293
2005-02-19 07:00:00,993.0,736.0,819.0,941.0,1018.0,0.9,64.6,0.4294
2005-02-19 08:00:00,1100.0,919.0,678.0,1072.0,1191.0,0.6,65.0,0.4231
2005-02-19 09:00:00,1141.0,940.0,651.0,1099.0,1285.0,2.1,59.9,0.4338
2005-02-19 10:00:00,1085.0,800.0,750.0,983.0,1219.0,3.1,57.2,0.4402
2005-02-19 11:00:00,1153.0,853.0,696.0,1027.0,1370.0,4.2,54.0,0.4483
2005-02-19 12:00:00,1122.0,831.0,722.0,982.0,1317.0,7.4,43.8,0.4538
2005-02-19 13:00:00,992.0,685.0,890.0,902.0,818.0,11.2,34.5,0.4586
2005-02-19 14:00:00,1018.0,693.0,868.0,937.0,683.0,13.8,32.4,0.5084
2005-02-19 15:00:00,981.0,649.0,924.0,901.0,573.0,12.4,34.9,0.5002
2005-02-19 16:00:00,988.0,679.0,905.0,911.0,595.0,12.8,31.9,0.4684
2005-02-19 17:00:00,1059.0,777.0,797.0,969.0,774.0,13.5,29.1,0.4486
2005-02-19 18:00:00,1110.0,870.0,708.0,1057.0,1059.0,11.6,33.3,0.454
2005-02-19 19:00:00,1204.0,979.0,639.0,1147.0,1326.0,10.9,34.9,0.4568
2005-02-19 20:00:00,1275.0,1061.0,593.0,1203.0,1494.0,10.4,37.3,0.4708
2005-02-19 21:00:00,1297.0,1044.0,600.0,1185.0,1559.0,9.7,39.7,0.4792
2005-02-19 22:00:00,1277.0,991.0,609.0,1141.0,1575.0,9.1,41.9,0.4857
2005-02-19 23:00:00,1207.0,888.0,664.0,1062.0,1447.0,9.3,41.9,0.4927
2005-02-20 00:00:00,1222.0,880.0,684.0,1083.0,1367.0,9.4,44.7,0.5279
2005-02-20 01:00:00,1141.0,816.0,745.0,1026.0,1230.0,8.5,45.8,0.5108
2005-02-20 02:00:00,1228.0,913.0,643.0,1124.0,1396.0,7.8,50.0,0.53
2005-02-20 03:00:00,1120.0,770.0,756.0,1012.0,1191.0,7.7,49.7,0.5242
2005-02-20 04:00:00,1067.0,758.0,775.0,993.0,1009.0,8.2,46.9,0.5099
2005-02-20 05:00:00,947.0,580.0,978.0,894.0,572.0,8.4,48.6,0.5375
2005-02-20 06:00:00,918.0,501.0,1148.0,881.0,420.0,8.0,54.7,0.5883
2005-02-20 07:00:00,920.0,506.0,1142.0,905.0,453.0,7.8,55.7,0.5914
2005-02-20 08:00:00,941.0,541.0,1065.0,919.0,520.0,8.0,53.8,0.5796
2005-02-20 09:00:00,949.0,552.0,1035.0,919.0,531.0,8.8,50.7,0.5752
2005-02-20 10:00:00,990.0,604.0,944.0,947.0,579.0,10.1,47.6,0.587
2005-02-20 11:00:00,996.0,620.0,928.0,946.0,570.0,10.6,45.8,0.5838
2005-02-20 12:00:00,1023.0,623.0,916.0,976.0,571.0,9.1,56.2,0.6515
2005-02-20 13:00:00,1037.0,636.0,891.0,1024.0,582.0,7.9,66.5,0.7124
2005-02-20 14:00:00,1017.0,613.0,919.0,1007.0,551.0,8.0,65.0,0.6991
2005-02-20 15:00:00,1042.0,671.0,861.0,1038.0,634.0,8.4,61.0,0.6721
2005-02-20 16:00:00,1037.0,665.0,854.0,1013.0,633.0,8.6,57.3,0.6429
2005-02-20 17:00:00,1009.0,640.0,915.0,996.0,613.0,8.4,56.3,0.6227
2005-02-20 18:00:00,1033.0,675.0,853.0,1006.0,702.0,8.0,57.7,0.6222
2005-02-20 19:00:00,1016.0,647.0,906.0,997.0,649.0,7.1,62.6,0.6341
2005-02-20 20:00:00,1076.0,745.0,801.0,1040.0,841.0,7.4,59.3,0.6123
2005-02-20 21:00:00,1029.0,699.0,851.0,1001.0,795.0,7.7,56.9,0.5994
2005-02-20 22:00:00,984.0,661.0,898.0,965.0,638.0,7.7,54.4,0.5753
2005-02-20 23:00:00,1003.0,694.0,876.0,976.0,663.0,7.7,53.0,0.5572
2005-02-21 00:00:00,1009.0,671.0,877.0,1010.0,610.0,6.7,62.8,0.6188
2005-02-21 01:00:00,946.0,588.0,1005.0,948.0,480.0,6.6,61.9,0.6056
2005-02-21 02:00:00,910.0,518.0,1130.0,936.0,404.0,5.7,70.3,0.6498
2005-02-21 03:00:00,886.0,464.0,1273.0,919.0,357.0,4.5,79.2,0.6751
2005-02-21 04:00:00,879.0,447.0,1317.0,910.0,348.0,4.0,81.5,0.6712
2005-02-21 05:00:00,907.0,502.0,1129.0,947.0,399.0,3.9,81.5,0.6653
2005-02-21 06:00:00,949.0,589.0,987.0,1001.0,464.0,3.3,84.3,0.6617
2005-02-21 07:00:00,1054.0,786.0,766.0,1129.0,699.0,4.2,80.9,0.6742
2005-02-21 08:00:00,1214.0,1010.0,609.0,1282.0,1006.0,5.1,75.0,0.6646
2005-02-21 09:00:00,1253.0,1095.0,566.0,1375.0,1206.0,4.6,77.6,0.6651
2005-02-21 10:00:00,1197.0,964.0,614.0,1260.0,1122.0,3.8,84.3,0.6811
2005-02-21 11:00:00,1156.0,859.0,684.0,1196.0,1069.0,6.2,77.4,0.7383
2005-02-21 12:00:00,1132.0,837.0,694.0,1199.0,1062.0,7.7,67.6,0.7133
2005-02-21 13:00:00,1207.0,950.0,623.0,1303.0,1162.0,8.1,64.8,0.7039
2005-02-21 14:00:00,1127.0,896.0,664.0,1227.0,1010.0,8.1,64.0,0.6942
2005-02-21 15:00:00,1112.0,851.0,694.0,1184.0,931.0,6.9,71.3,0.7118
2005-02-21 16:00:00,1186.0,925.0,641.0,1272.0,1025.0,7.0,73.7,0.7425
2005-02-21 17:00:00,1192.0,976.0,618.0,1290.0,1110.0,7.3,70.0,0.7195
2005-02-21 18:00:00,1177.0,931.0,656.0,1281.0,979.0,5.8,77.8,0.7223
2005-02-21 19:00:00,1478.0,1301.0,469.0,1682.0,1409.0,5.4,80.9,0.7293
2005-02-21 20:00:00,1486.0,1289.0,466.0,1633.0,1438.0,5.5,79.8,0.7261
2005-02-21 21:00:00,1118.0,863.0,680.0,1194.0,1083.0,5.6,74.0,0.6808
2005-02-21 22:00:00,1019.0,730.0,811.0,1082.0,916.0,5.6,71.9,0.6604
2005-02-21 23:00:00,961.0,643.0,914.0,1046.0,825.0,6.4,70.7,0.6848
2005-02-22 00:00:00,931.0,591.0,1015.0,1015.0,704.0,6.3,70.1,0.6733
2005-02-22 01:00:00,938.0,592.0,992.0,1032.0,668.0,4.4,80.5,0.6825
2005-02-22 02:00:00,888.0,511.0,1112.0,963.0,512.0,3.9,83.1,0.6787
2005-02-22 03:00:00,844.0,454.0,1327.0,908.0,385.0,2.5,86.6,0.6407
2005-02-22 04:00:00,851.0,440.0,1349.0,918.0,377.0,3.4,85.4,0.6736
2005-02-22 05:00:00,905.0,503.0,1152.0,956.0,467.0,3.3,84.5,0.6608
2005-02-22 06:00:00,987.0,628.0,929.0,1035.0,691.0,3.4,84.5,0.664
2005-02-22 07:00:00,1124.0,842.0,690.0,1180.0,981.0,3.4,84.5,0.6677
2005-02-22 08:00:00,1408.0,1200.0,490.0,1523.0,1369.0,4.1,82.7,0.682
2005-02-22 09:00:00,1501.0,1403.0,418.0,1789.0,1589.0,4.6,80.3,0.6889
2005-02-22 10:00:00,1266.0,1149.0,528.0,1435.0,1370.0,6.1,74.0,0.7025
2005-02-22 11:00:00,1082.0,855.0,725.0,1140.0,1005.0,9.1,58.4,0.6787
2005-02-22 12:00:00,1123.0,942.0,653.0,1225.0,1105.0,11.4,48.9,0.658
2005-02-22 13:00:00,1174.0,979.0,611.0,1282.0,1142.0,8.3,64.4,0.7072
2005-02-22 14:00:00,1209.0,1082.0,573.0,1355.0,1105.0,6.5,71.0,0.6903
2005-02-22 15:00:00,1120.0,940.0,657.0,1245.0,917.0,6.6,71.1,0.6973
2005-02-22 16:00:00,1174.0,1010.0,613.0,1305.0,1050.0,7.4,69.3,0.7165
2005-02-22 17:00:00,1068.0,896.0,702.0,1177.0,848.0,6.4,70.6,0.6834
2005-02-22 18:00:00,1146.0,985.0,650.0,1236.0,952.0,5.8,72.5,0.6718
2005-02-22 19:00:00,1204.0,1089.0,601.0,1335.0,1059.0,5.6,71.6,0.6556
2005-02-22 20:00:00,1062.0,903.0,717.0,1141.0,720.0,4.2,77.8,0.6491
2005-02-22 21:00:00,1122.0,919.0,680.0,1201.0,981.0,4.3,79.5,0.6648
2005-02-22 22:00:00,940.0,686.0,903.0,1005.0,648.0,4.5,75.5,0.6429
2005-02-22 23:00:00,935.0,628.0,995.0,986.0,611.0,4.4,77.1,0.6523
2005-02-23 00:00:00,1011.0,725.0,852.0,1050.0,773.0,4.2,78.2,0.6506
2005-02-23 01:00:00,952.0,665.0,907.0,1007.0,703.0,4.0,79.3,0.6517
2005-02-23 02:00:00,899.0,572.0,1063.0,951.0,560.0,3.9,78.7,0.643
2005-02-23 03:00:00,880.0,533.0,1161.0,948.0,499.0,3.5,80.6,0.6403
2005-02-23 04:00:00,882.0,516.0,1132.0,959.0,575.0,3.2,82.8,0.6426
2005-02-23 05:00:00,844.0,466.0,1261.0,894.0,478.0,4.1,76.0,0.6304
2005-02-23 06:00:00,860.0,497.0,1251.0,912.0,442.0,4.2,75.9,0.6311
2005-02-23 07:00:00,917.0,597.0,1084.0,994.0,602.0,4.5,76.3,0.648
2005-02-23 08:00:00,1126.0,886.0,719.0,1208.0,936.0,4.4,79.1,0.6687
2005-02-23 09:00:00,1033.0,820.0,740.0,1114.0,870.0,4.3,79.8,0.6706
2005-02-23 10:00:00,944.0,697.0,881.0,1022.0,688.0,3.1,83.0,0.6419
2005-02-23 11:00:00,955.0,687.0,895.0,1004.0,706.0,2.8,83.9,0.6326
2005-02-23 12:00:00,992.0,694.0,900.0,1020.0,756.0,3.9,79.5,0.6482
2005-02-23 13:00:00,1090.0,910.0,701.0,1192.0,974.0,5.1,74.5,0.6621
2005-02-23 14:00:00,1151.0,983.0,629.0,1244.0,1121.0,5.7,72.5,0.6686
2005-02-23 15:00:00,1148.0,975.0,638.0,1243.0,1064.0,5.6,74.6,0.6826
2005-02-23 16:00:00,1140.0,946.0,653.0,1231.0,1076.0,5.4,75.9,0.6875
2005-02-23 17:00:00,1160.0,990.0,632.0,1254.0,1090.0,4.9,78.2,0.6826
2005-02-23 18:00:00,1167.0,1027.0,610.0,1289.0,1119.0,4.8,79.0,0.6845
2005-02-23 19:00:00,1194.0,1038.0,605.0,1317.0,1181.0,4.8,78.6,0.6826
2005-02-23 20:00:00,1224.0,1071.0,590.0,1331.0,1240.0,4.6,78.2,0.6686
2005-02-23 21:00:00,1209.0,1028.0,619.0,1264.0,1254.0,4.2,79.7,0.6647
2005-02-23 22:00:00,1145.0,962.0,657.0,1212.0,1192.0,4.3,78.9,0.6621
2005-02-23 23:00:00,1016.0,744.0,825.0,1053.0,1020.0,4.2,77.9,0.6479
2005-02-24 00:00:00,1018.0,750.0,831.0,1051.0,916.0,3.2,83.0,0.645
2005-02-24 01:00:00,937.0,625.0,977.0,983.0,798.0,5.1,74.5,0.6626
2005-02-24 02:00:00,949.0,647.0,956.0,1023.0,762.0,4.0,80.8,0.6666
2005-02-24 03:00:00,895.0,545.0,1080.0,964.0,685.0,4.3,81.0,0.677
2005-02-24 04:00:00,884.0,528.0,1148.0,960.0,619.0,2.9,85.3,0.6503
2005-02-24 05:00:00,883.0,518.0,1135.0,962.0,606.0,3.3,84.5,0.6612
2005-02-24 06:00:00,968.0,652.0,937.0,1051.0,788.0,3.6,84.4,0.6724
2005-02-24 07:00:00,1071.0,787.0,755.0,1146.0,947.0,3.8,83.8,0.6771
2005-02-24 08:00:00,1310.0,1082.0,555.0,1400.0,1254.0,4.1,82.5,0.6819
2005-02-24 09:00:00,1332.0,1132.0,522.0,1439.0,1352.0,3.9,83.9,0.6847
2005-02-24 10:00:00,1178.0,939.0,640.0,1228.0,1165.0,4.1,83.9,0.6967
2005-02-24 11:00:00,1093.0,836.0,728.0,1142.0,1025.0,4.6,82.0,0.6997
2005-02-24 12:00:00,1060.0,784.0,770.0,1117.0,941.0,5.5,79.5,0.7238
2005-02-24 13:00:00,1121.0,873.0,697.0,1206.0,1000.0,6.7,76.2,0.7519
2005-02-24 14:00:00,1118.0,888.0,685.0,1223.0,962.0,7.9,69.0,0.7394
2005-02-24 15:00:00,1205.0,1002.0,612.0,1299.0,1214.0,8.5,66.3,0.7387
2005-02-24 16:00:00,1274.0,1094.0,537.0,1364.0,1428.0,7.6,70.8,0.7399
2005-02-24 17:00:00,1301.0,1092.0,525.0,1388.0,1484.0,7.2,72.4,0.7372
2005-02-24 18:00:00,1405.0,1224.0,468.0,1503.0,1658.0,6.7,74.2,0.7326
2005-02-24 19:00:00,1375.0,1230.0,473.0,1522.0,1632.0,6.1,75.8,0.7184
2005-02-24 20:00:00,1367.0,1225.0,485.0,1492.0,1628.0,6.3,74.9,0.7187
2005-02-24 21:00:00,1324.0,1121.0,531.0,1399.0,1481.0,6.0,78.0,0.7345
2005-02-24 22:00:00,1170.0,917.0,652.0,1218.0,1205.0,5.6,81.2,0.7443
2005-02-24 23:00:00,1169.0,895.0,681.0,1201.0,1106.0,5.5,81.5,0.7393
2005-02-25 00:00:00,1181.0,905.0,657.0,1215.0,1106.0,5.3,84.1,0.753
2005-02-25 01:00:00,1146.0,860.0,692.0,1181.0,1092.0,5.2,83.9,0.7487
2005-02-25 02:00:00,1059.0,773.0,767.0,1127.0,984.0,5.1,83.5,0.7416
2005-02-25 03:00:00,1010.0,679.0,854.0,1046.0,889.0,5.0,82.9,0.73
2005-02-25 04:00:00,1007.0,677.0,863.0,1053.0,848.0,5.0,82.5,0.7265
2005-02-25 05:00:00,932.0,595.0,991.0,1025.0,771.0,5.0,82.8,0.7273
2005-02-25 06:00:00,998.0,717.0,872.0,1095.0,895.0,5.2,80.7,0.7219
2005-02-25 07:00:00,1072.0,819.0,751.0,1161.0,1003.0,5.3,80.2,0.7179
2005-02-25 08:00:00,1424.0,1260.0,494.0,1568.0,1442.0,5.7,79.7,0.734
2005-02-25 09:00:00,1527.0,1502.0,411.0,1868.0,1727.0,6.2,76.8,0.7355
2005-02-25 10:00:00,1364.0,1234.0,504.0,1533.0,1606.0,8.3,67.4,0.7384
2005-02-25 11:00:00,1190.0,1044.0,615.0,1324.0,1354.0,10.8,52.1,0.6746
2005-02-25 12:00:00,1021.0,839.0,771.0,1084.0,914.0,13.0,40.3,0.6028
2005-02-25 13:00:00,1051.0,914.0,707.0,1122.0,913.0,10.9,44.8,0.5849
2005-02-25 14:00:00,1021.0,882.0,727.0,1097.0,847.0,11.5,42.1,0.5706
2005-02-25 15:00:00,1016.0,842.0,762.0,1067.0,778.0,12.5,38.5,0.5568
2005-02-25 16:00:00,1040.0,893.0,723.0,1104.0,835.0,12.6,38.5,0.5586
2005-02-25 17:00:00,1089.0,916.0,710.0,1124.0,903.0,12.3,38.4,0.5488
2005-02-25 18:00:00,1148.0,1054.0,631.0,1233.0,1157.0,10.2,43.1,0.5366
2005-02-25 19:00:00,1162.0,1070.0,625.0,1229.0,1237.0,8.6,48.2,0.5385
2005-02-25 20:00:00,1197.0,1102.0,609.0,1309.0,1253.0,7.8,50.8,0.5384
2005-02-25 21:00:00,1059.0,905.0,735.0,1098.0,1130.0,7.3,52.8,0.5404
2005-02-25 22:00:00,1207.0,1023.0,629.0,1233.0,1373.0,6.2,62.4,0.5958
2005-02-25 23:00:00,1188.0,983.0,648.0,1193.0,1338.0,5.1,68.2,0.6033
2005-02-26 00:00:00,1153.0,933.0,687.0,1133.0,1268.0,4.7,69.0,0.5936
2005-02-26 01:00:00,1061.0,849.0,757.0,1063.0,1125.0,4.0,69.8,0.5756
2005-02-26 02:00:00,1028.0,831.0,771.0,1063.0,1054.0,3.4,71.3,0.5626
2005-02-26 03:00:00,1082.0,843.0,729.0,1061.0,1090.0,2.8,74.0,0.5591
2005-02-26 04:00:00,1037.0,771.0,784.0,1004.0,1029.0,2.3,75.1,0.5514
2005-02-26 05:00:00,942.0,688.0,897.0,947.0,882.0,3.8,66.2,0.5359
2005-02-26 06:00:00,904.0,633.0,993.0,897.0,717.0,4.6,60.5,0.5173
2005-02-26 07:00:00,855.0,578.0,1121.0,855.0,599.0,5.7,54.3,0.5022
2005-02-26 08:00:00,914.0,705.0,966.0,926.0,687.0,6.2,51.3,0.488
2005-02-26 09:00:00,933.0,714.0,899.0,927.0,706.0,6.7,49.5,0.4892
2005-02-26 10:00:00,942.0,696.0,920.0,912.0,682.0,8.8,45.0,0.5114
2005-02-26 11:00:00,943.0,688.0,924.0,909.0,629.0,9.6,43.5,0.5202
2005-02-26 12:00:00,959.0,717.0,892.0,939.0,664.0,9.8,43.3,0.5238
2005-02-26 13:00:00,971.0,739.0,868.0,972.0,664.0,9.9,43.5,0.53
2005-02-26 14:00:00,954.0,735.0,863.0,953.0,630.0,9.8,44.1,0.5332
2005-02-26 15:00:00,929.0,645.0,962.0,906.0,524.0,9.7,45.1,0.5417
2005-02-26 16:00:00,933.0,660.0,955.0,911.0,488.0,9.0,47.3,0.542
2005-02-26 17:00:00,967.0,704.0,888.0,961.0,609.0,7.4,56.0,0.5797
2005-02-26 18:00:00,987.0,723.0,863.0,974.0,684.0,6.4,61.7,0.5956
2005-02-26 19:00:00,1003.0,772.0,821.0,1008.0,788.0,6.8,58.0,0.5758
2005-02-26 20:00:00,1138.0,986.0,663.0,1188.0,1030.0,7.3,56.7,0.5806
2005-02-26 21:00:00,1087.0,903.0,713.0,1106.0,1026.0,7.2,56.7,0.579
2005-02-26 22:00:00,1129.0,920.0,689.0,1139.0,1182.0,6.7,59.1,0.5848
2005-02-26 23:00:00,1191.0,1005.0,637.0,1224.0,1284.0,5.9,62.1,0.5808
2005-02-27 00:00:00,1256.0,1032.0,612.0,1230.0,1371.0,6.3,60.4,0.5811
2005-02-27 01:00:00,1171.0,960.0,679.0,1121.0,1234.0,5.5,60.2,0.5458
2005-02-27 02:00:00,1016.0,780.0,798.0,1004.0,1060.0,4.6,64.4,0.5525
2005-02-27 03:00:00,1035.0,805.0,790.0,1022.0,1038.0,3.5,68.8,0.5458
2005-02-27 04:00:00,980.0,744.0,840.0,979.0,970.0,2.8,70.9,0.5383
2005-02-27 05:00:00,901.0,631.0,988.0,915.0,751.0,3.7,65.9,0.5295
2005-02-27 06:00:00,914.0,655.0,949.0,949.0,742.0,1.6,74.3,0.5168
2005-02-27 07:00:00,940.0,665.0,900.0,955.0,879.0,1.4,76.3,0.5261
2005-02-27 08:00:00,935.0,689.0,894.0,949.0,871.0,2.5,69.5,0.5172
2005-02-27 09:00:00,970.0,691.0,891.0,956.0,890.0,3.7,64.8,0.5208
2005-02-27 10:00:00,1064.0,830.0,739.0,1053.0,1059.0,7.8,49.9,0.5307
2005-02-27 11:00:00,1023.0,776.0,817.0,972.0,808.0,11.2,37.1,0.4936
2005-02-27 12:00:00,955.0,706.0,888.0,884.0,616.0,12.6,30.6,0.446
2005-02-27 13:00:00,943.0,714.0,898.0,868.0,609.0,10.3,32.9,0.4131
2005-02-27 14:00:00,895.0,622.0,1012.0,804.0,471.0,10.0,35.5,0.4346
2005-02-27 15:00:00,890.0,601.0,1053.0,803.0,391.0,8.8,40.0,0.4538
2005-02-27 16:00:00,904.0,608.0,1033.0,807.0,398.0,8.3,40.3,0.4431
2005-02-27 17:00:00,888.0,611.0,1035.0,791.0,419.0,7.9,38.9,0.4141
2005-02-27 18:00:00,905.0,648.0,1007.0,822.0,509.0,6.8,41.0,0.4072
2005-02-27 19:00:00,974.0,757.0,886.0,884.0,723.0,6.0,42.0,0.3962
2005-02-27 20:00:00,1048.0,847.0,801.0,955.0,888.0,5.5,43.5,0.3963
2005-02-27 21:00:00,895.0,660.0,975.0,826.0,596.0,4.6,46.8,0.4001
2005-02-27 22:00:00,875.0,594.0,1079.0,793.0,451.0,4.5,48.0,0.4085
2005-02-27 23:00:00,943.0,703.0,950.0,870.0,581.0,4.3,48.6,0.4069
2005-02-28 00:00:00,947.0,697.0,913.0,878.0,698.0,4.0,50.0,0.4115
2005-02-28 01:00:00,865.0,566.0,1119.0,797.0,423.0,4.0,52.9,0.4338
2005-02-28 02:00:00,823.0,503.0,1268.0,755.0,332.0,4.0,51.0,0.42
2005-02-28 03:00:00,798.0,452.0,1435.0,699.0,280.0,3.9,48.1,0.393
2005-02-28 04:00:00,781.0,425.0,1609.0,667.0,261.0,3.8,48.0,0.3879
2005-02-28 05:00:00,781.0,409.0,1664.0,669.0,252.0,3.6,50.3,0.4022
2005-02-28 06:00:00,779.0,402.0,1665.0,684.0,257.0,2.8,52.6,0.3972
2005-02-28 07:00:00,817.0,462.0,1378.0,732.0,308.0,2.5,52.7,0.3908
2005-02-28 08:00:00,893.0,629.0,1015.0,837.0,456.0,2.7,50.5,0.3804
2005-02-28 09:00:00,883.0,659.0,943.0,842.0,527.0,2.7,49.4,0.3714
2005-02-28 10:00:00,839.0,608.0,1040.0,780.0,475.0,3.3,45.2,0.354
2005-02-28 11:00:00,809.0,587.0,1084.0,744.0,434.0,3.1,43.3,0.3354
2005-02-28 12:00:00,805.0,584.0,1137.0,726.0,385.0,3.7,38.8,0.3123
2005-02-28 13:00:00,840.0,661.0,1016.0,757.0,435.0,4.0,36.8,0.3016
2005-02-28 14:00:00,812.0,646.0,1045.0,731.0,421.0,3.7,35.0,0.2823
2005-02-28 15:00:00,782.0,594.0,1134.0,673.0,371.0,3.4,32.4,0.2563
2005-02-28 16:00:00,799.0,617.0,1099.0,699.0,382.0,3.3,33.1,0.2592
2005-02-28 17:00:00,812.0,640.0,1093.0,716.0,408.0,2.6,35.1,0.2618
2005-02-28 18:00:00,922.0,842.0,849.0,858.0,676.0,2.1,36.6,0.2634
2005-02-28 19:00:00,938.0,903.0,790.0,885.0,798.0,1.6,37.9,0.2645
2005-02-28 20:00:00,939.0,872.0,814.0,870.0,793.0,1.4,38.0,0.2615
2005-02-28 21:00:00,827.0,687.0,1015.0,727.0,573.0,1.0,36.6,0.2456
2005-02-28 22:00:00,776.0,580.0,1183.0,655.0,402.0,1.1,35.4,0.2382
2005-02-28 23:00:00,755.0,538.0,1285.0,621.0,343.0,1.0,34.3,0.2292
2005-03-01 00:00:00,766.0,515.0,1327.0,642.0,322.0,1.0,37.4,0.2487
2005-03-01 01:00:00,762.0,487.0,1364.0,640.0,307.0,0.7,41.2,0.2693
2005-03-01 02:00:00,736.0,453.0,1498.0,602.0,268.0,0.2,40.6,0.2566
2005-03-01 03:00:00,715.0,387.0,1791.0,559.0,227.0,0.1,40.0,0.2499
2005-03-01 04:00:00,716.0,390.0,1804.0,551.0,221.0,-0.1,37.5,0.2326
2005-03-01 05:00:00,731.0,408.0,1727.0,561.0,225.0,-0.3,38.4,0.2347
2005-03-01 06:00:00,735.0,407.0,1677.0,579.0,232.0,-0.6,40.1,0.2404
2005-03-01 07:00:00,779.0,500.0,1361.0,652.0,313.0,-0.6,41.4,0.2478
2005-03-01 08:00:00,915.0,774.0,911.0,839.0,629.0,-0.2,40.2,0.2478
2005-03-01 09:00:00,905.0,818.0,853.0,840.0,790.0,0.6,36.8,0.2388
2005-03-01 10:00:00,835.0,688.0,988.0,720.0,630.0,2.8,30.3,0.2294
2005-03-01 11:00:00,798.0,609.0,1122.0,660.0,472.0,3.1,29.1,0.224
2005-03-01 12:00:00,783.0,580.0,1181.0,647.0,378.0,3.3,29.2,0.2288
2005-03-01 13:00:00,807.0,623.0,1097.0,684.0,384.0,3.1,31.0,0.2386
2005-03-01 14:00:00,827.0,660.0,1030.0,709.0,426.0,3.2,30.8,0.2399
2005-03-01 15:00:00,822.0,632.0,1074.0,701.0,442.0,3.3,31.5,0.2464
2005-03-01 16:00:00,830.0,655.0,1045.0,710.0,467.0,4.1,28.6,0.2363
2005-03-01 17:00:00,833.0,653.0,1073.0,708.0,448.0,3.9,29.2,0.2378
2005-03-01 18:00:00,882.0,766.0,922.0,815.0,582.0,1.9,35.0,0.2494
2005-03-01 19:00:00,967.0,880.0,815.0,887.0,892.0,1.8,35.4,0.2497
2005-03-01 20:00:00,1009.0,958.0,751.0,935.0,1006.0,1.4,36.5,0.2503
2005-03-01 21:00:00,911.0,777.0,913.0,796.0,852.0,0.8,36.3,0.2388
2005-03-01 22:00:00,808.0,613.0,1137.0,672.0,543.0,0.6,34.1,0.221
2005-03-01 23:00:00,812.0,621.0,1143.0,669.0,529.0,0.3,31.9,0.2031
2005-03-02 00:00:00,790.0,597.0,1184.0,637.0,465.0,0.2,30.2,0.191
2005-03-02 01:00:00,765.0,544.0,1253.0,601.0,405.0,0.0,29.7,0.1847
2005-03-02 02:00:00,761.0,525.0,1307.0,605.0,332.0,-0.1,31.9,0.1975
2005-03-02 03:00:00,788.0,486.0,1294.0,650.0,420.0,-1.1,41.4,0.2379
2005-03-02 04:00:00,790.0,471.0,1302.0,669.0,532.0,-1.4,44.9,0.2536
2005-03-02 05:00:00,804.0,489.0,1262.0,698.0,630.0,-1.3,46.3,0.2635
2005-03-02 06:00:00,831.0,537.0,1158.0,722.0,768.0,-1.2,47.2,0.27
2005-03-02 07:00:00,881.0,680.0,1023.0,813.0,866.0,-1.3,47.5,0.2702
2005-03-02 08:00:00,1099.0,1013.0,690.0,1056.0,1254.0,-1.9,51.4,0.2801
2005-03-02 09:00:00,1100.0,1065.0,669.0,1072.0,1347.0,-0.5,45.9,0.2763
2005-03-02 10:00:00,1042.0,910.0,774.0,922.0,1216.0,4.6,32.5,0.2783
2005-03-02 11:00:00,1026.0,935.0,747.0,942.0,1151.0,7.5,24.3,0.2528
2005-03-02 12:00:00,905.0,796.0,900.0,767.0,699.0,9.6,18.8,0.2246
2005-03-02 13:00:00,891.0,790.0,927.0,764.0,584.0,9.3,18.4,0.2157
2005-03-02 14:00:00,968.0,938.0,790.0,897.0,836.0,9.7,18.6,0.2244
2005-03-02 15:00:00,909.0,826.0,898.0,802.0,626.0,10.1,16.7,0.2062
2005-03-02 16:00:00,938.0,945.0,804.0,855.0,878.0,11.8,13.5,0.1862
2005-03-02 17:00:00,971.0,917.0,802.0,885.0,952.0,11.6,15.3,0.2086
2005-03-02 18:00:00,1148.0,1226.0,624.0,1126.0,1460.0,9.1,19.2,0.2225
2005-03-02 19:00:00,1299.0,1384.0,523.0,1325.0,1855.0,7.2,25.6,0.2611
2005-03-02 20:00:00,1315.0,1269.0,551.0,1282.0,1860.0,6.1,34.0,0.3237
2005-03-02 21:00:00,1180.0,1020.0,656.0,1054.0,1629.0,5.1,36.4,0.323
2005-03-02 22:00:00,1070.0,821.0,754.0,936.0,1454.0,4.8,39.6,0.344
2005-03-02 23:00:00,1031.0,763.0,818.0,905.0,1348.0,5.0,39.6,0.3479
2005-03-03 00:00:00,1047.0,778.0,799.0,907.0,1326.0,4.1,41.7,0.3456
2005-03-03 01:00:00,1030.0,724.0,832.0,893.0,1285.0,4.4,43.3,0.3656
2005-03-03 02:00:00,986.0,682.0,875.0,884.0,1205.0,3.8,45.9,0.3728
2005-03-03 03:00:00,992.0,655.0,876.0,887.0,1220.0,3.6,49.7,0.396
2005-03-03 04:00:00,1076.0,715.0,783.0,947.0,1448.0,3.4,56.3,0.4455
2005-03-03 05:00:00,1104.0,713.0,754.0,1001.0,1433.0,2.9,67.9,0.5183
2005-03-03 06:00:00,1160.0,770.0,702.0,1063.0,1447.0,2.8,74.1,0.5618
2005-03-03 07:00:00,1217.0,846.0,650.0,1120.0,1481.0,2.9,75.6,0.5742
2005-03-03 08:00:00,1457.0,1167.0,496.0,1422.0,1785.0,3.8,72.4,0.5867
2005-03-03 09:00:00,1337.0,1212.0,529.0,1406.0,1756.0,5.9,50.2,0.4706
2005-03-03 10:00:00,1111.0,931.0,687.0,1069.0,1368.0,7.3,39.4,0.4035
2005-03-03 11:00:00,1165.0,852.0,692.0,1155.0,1197.0,3.6,75.9,0.6055
2005-03-03 12:00:00,1129.0,783.0,757.0,1127.0,1084.0,3.6,78.6,0.6283
2005-03-03 13:00:00,1092.0,759.0,773.0,1088.0,1039.0,5.3,69.2,0.6213
2005-03-03 14:00:00,1096.0,777.0,767.0,1107.0,961.0,6.1,66.0,0.6255
2005-03-03 15:00:00,1108.0,783.0,758.0,1115.0,964.0,6.0,70.1,0.6577
2005-03-03 16:00:00,1124.0,787.0,740.0,1147.0,941.0,6.3,72.1,0.6907
2005-03-03 17:00:00,1216.0,879.0,670.0,1252.0,1111.0,6.3,75.7,0.7252
2005-03-03 18:00:00,1437.0,1202.0,507.0,1510.0,1459.0,5.6,80.4,0.7382
2005-03-03 19:00:00,1473.0,1245.0,476.0,1539.0,1519.0,4.9,82.4,0.7201
2005-03-03 20:00:00,1396.0,1164.0,508.0,1488.0,1412.0,4.3,84.0,0.7051
2005-03-03 21:00:00,1285.0,1013.0,568.0,1331.0,1336.0,4.3,83.6,0.7025
2005-03-03 22:00:00,1206.0,928.0,621.0,1235.0,1285.0,4.6,82.5,0.7066
2005-03-03 23:00:00,1179.0,868.0,664.0,1205.0,1240.0,4.4,82.0,0.6938
2005-03-04 00:00:00,1213.0,877.0,654.0,1206.0,1282.0,4.3,80.9,0.6791
2005-03-04 01:00:00,1142.0,849.0,680.0,1173.0,1189.0,4.1,81.2,0.6721
2005-03-04 02:00:00,1089.0,750.0,765.0,1108.0,1117.0,3.9,80.9,0.6613
2005-03-04 03:00:00,982.0,617.0,891.0,977.0,1024.0,4.5,70.6,0.6004
2005-03-04 04:00:00,888.0,526.0,1134.0,912.0,744.0,4.5,65.1,0.5547
2005-03-04 05:00:00,979.0,602.0,925.0,993.0,928.0,4.0,75.2,0.6161
2005-03-04 06:00:00,1023.0,690.0,833.0,1049.0,1006.0,3.7,76.4,0.6164
2005-03-04 07:00:00,1153.0,878.0,682.0,1180.0,1173.0,3.1,77.3,0.5985
2005-03-04 08:00:00,1393.0,1204.0,506.0,1497.0,1568.0,3.7,74.4,0.5992
2005-03-04 09:00:00,1567.0,1502.0,399.0,1848.0,1913.0,5.0,69.4,0.6118
2005-03-04 10:00:00,1334.0,1174.0,524.0,1432.0,1643.0,6.5,60.9,0.5919
2005-03-04 11:00:00,1280.0,1165.0,533.0,1435.0,1605.0,7.6,59.8,0.6245
2005-03-04 12:00:00,1330.0,1145.0,537.0,1399.0,1668.0,8.6,57.6,0.6471
2005-03-04 13:00:00,1349.0,1193.0,507.0,1493.0,1710.0,10.9,52.4,0.6826
2005-03-04 14:00:00,1349.0,1167.0,515.0,1443.0,1632.0,12.3,48.3,0.6871
2005-03-04 15:00:00,1344.0,1182.0,525.0,1411.0,1545.0,12.5,43.4,0.6298
2005-03-04 16:00:00,1337.0,1198.0,521.0,1401.0,1557.0,11.9,42.3,0.5902
2005-03-04 17:00:00,1316.0,1177.0,544.0,1392.0,1529.0,12.3,41.2,0.5867
2005-03-04 18:00:00,1253.0,1094.0,575.0,1327.0,1430.0,10.8,48.1,0.6235
2005-03-04 19:00:00,1258.0,1144.0,558.0,1336.0,1509.0,8.9,52.5,0.5996
2005-03-04 20:00:00,1326.0,1253.0,514.0,1479.0,1615.0,8.4,54.7,0.6057
2005-03-04 21:00:00,1109.0,896.0,710.0,1132.0,1242.0,7.5,58.7,0.6112
2005-03-04 22:00:00,1029.0,762.0,820.0,1049.0,1065.0,6.9,60.0,0.5977
2005-03-04 23:00:00,1112.0,833.0,759.0,1104.0,1180.0,6.6,61.3,0.5995
2005-03-05 00:00:00,1100.0,810.0,768.0,1070.0,1158.0,6.3,59.8,0.5761
2005-03-05 01:00:00,1136.0,849.0,715.0,1132.0,1216.0,5.4,65.8,0.5935
2005-03-05 02:00:00,1000.0,712.0,848.0,989.0,971.0,5.8,59.6,0.5523
2005-03-05 03:00:00,1041.0,732.0,789.0,1003.0,1076.0,4.9,62.6,0.5477
2005-03-05 04:00:00,1009.0,710.0,819.0,974.0,1011.0,4.4,63.9,0.5385
2005-03-05 05:00:00,975.0,681.0,889.0,948.0,813.0,4.2,62.5,0.5191
2005-03-05 06:00:00,993.0,727.0,810.0,989.0,1001.0,3.1,68.6,0.5302
2005-03-05 07:00:00,872.0,587.0,1082.0,866.0,655.0,4.6,54.6,0.4682
2005-03-05 08:00:00,1017.0,818.0,842.0,1034.0,933.0,5.0,54.5,0.4788
2005-03-05 09:00:00,1070.0,928.0,701.0,1112.0,1088.0,7.0,48.1,0.4847
2005-03-05 10:00:00,915.0,658.0,957.0,866.0,562.0,10.0,37.7,0.4643
2005-03-05 11:00:00,978.0,772.0,870.0,955.0,586.0,13.0,30.3,0.452
2005-03-05 12:00:00,968.0,777.0,830.0,929.0,617.0,14.0,28.1,0.4476
2005-03-05 13:00:00,1008.0,843.0,787.0,998.0,705.0,13.3,28.9,0.4399
2005-03-05 14:00:00,1025.0,913.0,724.0,1035.0,814.0,13.4,29.0,0.4436
2005-03-05 15:00:00,983.0,806.0,820.0,966.0,615.0,13.5,28.3,0.4374
2005-03-05 16:00:00,1018.0,868.0,751.0,1015.0,804.0,13.0,29.7,0.442
2005-03-05 17:00:00,1101.0,916.0,721.0,1125.0,861.0,11.6,38.7,0.5271
2005-03-05 18:00:00,1116.0,888.0,695.0,1176.0,980.0,8.6,56.3,0.6312
2005-03-05 19:00:00,1161.0,945.0,654.0,1205.0,1077.0,8.5,57.9,0.6435
2005-03-05 20:00:00,1212.0,1010.0,622.0,1284.0,1214.0,7.8,63.4,0.6735
2005-03-05 21:00:00,1225.0,985.0,635.0,1255.0,1169.0,7.2,69.5,0.7084
2005-03-05 22:00:00,1154.0,891.0,697.0,1197.0,1079.0,6.5,74.7,0.7248
2005-03-05 23:00:00,1140.0,856.0,707.0,1171.0,1147.0,6.5,73.9,0.7224
2005-03-06 00:00:00,1201.0,949.0,665.0,1220.0,1260.0,6.8,72.1,0.7143
2005-03-06 01:00:00,1011.0,742.0,842.0,998.0,929.0,7.0,60.0,0.6055
2005-03-06 02:00:00,867.0,590.0,1088.0,826.0,465.0,7.2,47.8,0.487
2005-03-06 03:00:00,856.0,545.0,1166.0,803.0,398.0,7.2,47.3,0.483
2005-03-06 04:00:00,859.0,527.0,1203.0,810.0,342.0,6.8,52.9,0.5245
2005-03-06 05:00:00,859.0,479.0,1285.0,822.0,313.0,5.8,65.0,0.6029
2005-03-06 06:00:00,842.0,454.0,1433.0,788.0,292.0,5.8,59.4,0.5502
2005-03-06 07:00:00,856.0,505.0,1246.0,833.0,367.0,5.5,58.3,0.529
2005-03-06 08:00:00,867.0,500.0,1219.0,818.0,387.0,5.9,54.8,0.5119
2005-03-06 09:00:00,877.0,541.0,1148.0,829.0,399.0,7.3,48.7,0.5007
2005-03-06 10:00:00,869.0,535.0,1162.0,783.0,376.0,9.4,39.9,0.4707
2005-03-06 11:00:00,900.0,582.0,1081.0,792.0,377.0,11.2,33.8,0.449
2005-03-06 12:00:00,899.0,603.0,1055.0,782.0,379.0,12.3,29.9,0.4255
2005-03-06 13:00:00,895.0,624.0,1002.0,787.0,387.0,14.8,23.7,0.3945
2005-03-06 14:00:00,992.0,844.0,830.0,990.0,552.0,13.1,26.6,0.399
2005-03-06 15:00:00,1104.0,1095.0,609.0,1210.0,930.0,13.3,25.7,0.3914
2005-03-06 16:00:00,933.0,711.0,912.0,850.0,554.0,12.0,27.7,0.3885
2005-03-06 17:00:00,973.0,778.0,839.0,916.0,723.0,11.5,30.1,0.4067
2005-03-06 18:00:00,1069.0,923.0,735.0,1036.0,875.0,10.1,33.2,0.4115
2005-03-06 19:00:00,1055.0,821.0,797.0,942.0,949.0,8.6,38.1,0.4282
2005-03-06 20:00:00,1032.0,778.0,834.0,926.0,869.0,8.0,41.2,0.4433
2005-03-06 21:00:00,982.0,714.0,879.0,905.0,747.0,7.5,43.8,0.4551
2005-03-06 22:00:00,968.0,680.0,918.0,891.0,740.0,6.8,46.9,0.465
2005-03-06 23:00:00,979.0,718.0,883.0,903.0,807.0,6.1,46.3,0.4394
2005-03-07 00:00:00,935.0,666.0,939.0,836.0,653.0,5.6,45.5,0.4187
2005-03-07 01:00:00,942.0,666.0,960.0,848.0,553.0,5.4,48.8,0.4393
2005-03-07 02:00:00,883.0,561.0,1080.0,785.0,412.0,5.1,51.2,0.4534
2005-03-07 03:00:00,841.0,470.0,1311.0,708.0,289.0,5.3,51.0,0.4563
2005-03-07 04:00:00,843.0,443.0,1490.0,730.0,262.0,5.2,57.2,0.5094
2005-03-07 05:00:00,872.0,460.0,1359.0,755.0,288.0,4.5,63.1,0.5381
2005-03-07 06:00:00,862.0,474.0,1312.0,753.0,310.0,5.2,54.5,0.486
2005-03-07 07:00:00,917.0,562.0,1099.0,827.0,418.0,5.6,51.3,0.4712
2005-03-07 08:00:00,1022.0,771.0,812.0,941.0,769.0,5.9,45.4,0.4244
2005-03-07 09:00:00,1022.0,837.0,755.0,978.0,881.0,6.9,41.3,0.4145
2005-03-07 10:00:00,961.0,789.0,839.0,910.0,816.0,8.6,34.2,0.3834
2005-03-07 11:00:00,912.0,731.0,912.0,811.0,684.0,9.6,27.7,0.3308
2005-03-07 12:00:00,896.0,731.0,911.0,799.0,627.0,10.6,25.3,0.3224
2005-03-07 13:00:00,890.0,726.0,921.0,779.0,523.0,10.2,25.6,0.3181
2005-03-07 14:00:00,891.0,740.0,919.0,788.0,502.0,10.0,25.2,0.3079
2005-03-07 15:00:00,894.0,737.0,913.0,805.0,604.0,9.7,25.7,0.3088
2005-03-07 16:00:00,907.0,753.0,886.0,819.0,682.0,9.7,26.8,0.3226
2005-03-07 17:00:00,973.0,827.0,825.0,888.0,846.0,9.4,27.3,0.3216
2005-03-07 18:00:00,1035.0,961.0,726.0,985.0,1027.0,7.9,28.0,0.2999
2005-03-07 19:00:00,1146.0,1147.0,621.0,1148.0,1315.0,6.9,30.7,0.3066
2005-03-07 20:00:00,1176.0,1162.0,600.0,1137.0,1363.0,6.1,33.3,0.3152
2005-03-07 21:00:00,1057.0,935.0,720.0,982.0,1236.0,5.0,37.4,0.329
2005-03-07 22:00:00,974.0,763.0,861.0,865.0,1076.0,4.2,40.9,0.3417
2005-03-07 23:00:00,1044.0,834.0,781.0,924.0,1200.0,3.9,43.5,0.3538
2005-03-08 00:00:00,988.0,734.0,860.0,868.0,1081.0,3.0,47.7,0.3658
2005-03-08 01:00:00,1016.0,781.0,799.0,918.0,1174.0,2.5,52.1,0.3855
2005-03-08 02:00:00,929.0,659.0,920.0,851.0,1033.0,2.0,53.5,0.3831
2005-03-08 03:00:00,876.0,576.0,1040.0,815.0,900.0,1.0,56.7,0.3803
2005-03-08 04:00:00,872.0,558.0,1054.0,807.0,853.0,0.5,59.4,0.3841
2005-03-08 05:00:00,888.0,574.0,1035.0,820.0,886.0,1.4,56.8,0.3903
2005-03-08 06:00:00,927.0,638.0,949.0,846.0,949.0,0.9,58.4,0.388
2005-03-08 07:00:00,991.0,786.0,817.0,931.0,1037.0,0.3,61.0,0.3881
2005-03-08 08:00:00,1317.0,1247.0,558.0,1360.0,1571.0,0.9,59.1,0.3913
2005-03-08 09:00:00,1402.0,1462.0,449.0,1599.0,1885.0,4.1,47.9,0.3959
2005-03-08 10:00:00,1222.0,1188.0,554.0,1265.0,1683.0,7.7,34.6,0.3652
2005-03-08 11:00:00,1109.0,1060.0,650.0,1091.0,1412.0,10.9,25.7,0.3341
2005-03-08 12:00:00,959.0,875.0,797.0,864.0,1006.0,13.7,17.4,0.2715
2005-03-08 13:00:00,964.0,902.0,780.0,882.0,855.0,14.0,16.8,0.2672
2005-03-08 14:00:00,1006.0,1006.0,705.0,988.0,964.0,14.1,17.0,0.2729
2005-03-08 15:00:00,1002.0,968.0,732.0,920.0,886.0,15.0,15.8,0.2678
2005-03-08 16:00:00,997.0,975.0,739.0,926.0,947.0,16.5,14.9,0.2775
2005-03-08 17:00:00,1019.0,964.0,729.0,957.0,984.0,15.8,16.7,0.2972
2005-03-08 18:00:00,1192.0,1196.0,581.0,1222.0,1450.0,13.2,23.9,0.3597
2005-03-08 19:00:00,1399.0,1387.0,487.0,1499.0,1837.0,11.0,33.8,0.4436
2005-03-08 20:00:00,1419.0,1408.0,466.0,1531.0,1899.0,9.5,39.0,0.4644
2005-03-08 21:00:00,1250.0,1094.0,600.0,1198.0,1629.0,8.5,42.4,0.4716
2005-03-08 22:00:00,1156.0,916.0,687.0,1055.0,1490.0,7.5,44.0,0.4564
2005-03-08 23:00:00,1064.0,783.0,785.0,954.0,1319.0,6.6,46.0,0.4505
2005-03-09 00:00:00,1066.0,771.0,795.0,949.0,1247.0,5.5,49.6,0.4526
2005-03-09 01:00:00,1031.0,741.0,821.0,927.0,1144.0,4.9,52.2,0.4567
2005-03-09 02:00:00,973.0,663.0,889.0,887.0,1014.0,4.6,53.5,0.4584
2005-03-09 03:00:00,937.0,600.0,985.0,873.0,885.0,4.7,53.1,0.4589
2005-03-09 04:00:00,930.0,616.0,969.0,893.0,875.0,3.8,56.8,0.4614
2005-03-09 05:00:00,949.0,640.0,902.0,909.0,971.0,2.3,63.5,0.463
2005-03-09 06:00:00,979.0,707.0,851.0,959.0,1048.0,2.0,64.9,0.4657
2005-03-09 07:00:00,1094.0,865.0,708.0,1061.0,1223.0,2.0,65.3,0.4688
2005-03-09 08:00:00,1450.0,1322.0,490.0,1497.0,1756.0,3.3,61.6,0.4829
2005-03-09 09:00:00,1508.0,1479.0,419.0,1685.0,2014.0,5.7,52.5,0.4851
2005-03-09 10:00:00,1374.0,1255.0,504.0,1375.0,1855.0,8.3,43.5,0.4774
2005-03-09 11:00:00,1308.0,1117.0,549.0,1261.0,1795.0,10.5,38.9,0.4926
2005-03-09 12:00:00,1249.0,996.0,593.0,1198.0,1575.0,14.5,33.4,0.5488
2005-03-09 13:00:00,1282.0,1023.0,573.0,1305.0,1461.0,15.7,34.6,0.6147
2005-03-09 14:00:00,1253.0,988.0,589.0,1292.0,1314.0,16.1,36.3,0.6593
2005-03-09 15:00:00,1222.0,924.0,612.0,1216.0,1147.0,17.3,34.5,0.6728
2005-03-09 16:00:00,1201.0,882.0,638.0,1189.0,948.0,17.6,34.1,0.6781
2005-03-09 17:00:00,1238.0,985.0,592.0,1271.0,1252.0,18.0,33.1,0.6779
2005-03-09 18:00:00,1434.0,1234.0,476.0,1520.0,1676.0,14.6,41.0,0.6792
2005-03-09 19:00:00,1573.0,1436.0,407.0,1747.0,2056.0,12.8,46.2,0.6794
2005-03-09 20:00:00,1552.0,1413.0,407.0,1724.0,2088.0,11.5,53.9,0.7312
2005-03-09 21:00:00,1510.0,1297.0,458.0,1606.0,1945.0,10.6,58.8,0.7512
2005-03-09 22:00:00,1165.0,870.0,671.0,1181.0,1482.0,9.7,60.0,0.7238
2005-03-09 23:00:00,1177.0,837.0,670.0,1161.0,1448.0,8.3,64.2,0.7071
2005-03-10 00:00:00,1135.0,800.0,705.0,1130.0,1304.0,7.8,65.5,0.6961
2005-03-10 01:00:00,1070.0,739.0,767.0,1070.0,1186.0,7.5,65.9,0.6868
2005-03-10 02:00:00,1034.0,715.0,801.0,1067.0,1051.0,6.1,72.1,0.6847
2005-03-10 03:00:00,1014.0,731.0,784.0,1062.0,1038.0,4.6,78.2,0.6684
2005-03-10 04:00:00,988.0,673.0,838.0,1034.0,969.0,4.0,80.9,0.667
2005-03-10 05:00:00,975.0,668.0,874.0,1020.0,951.0,4.2,79.1,0.6611
2005-03-10 06:00:00,984.0,681.0,852.0,1020.0,970.0,5.3,73.2,0.6577
2005-03-10 07:00:00,1092.0,831.0,720.0,1143.0,1090.0,4.3,76.1,0.6395
2005-03-10 08:00:00,1454.0,1299.0,457.0,1606.0,1673.0,4.8,74.6,0.647
2005-03-10 09:00:00,1446.0,1328.0,439.0,1620.0,1833.0,7.5,64.5,0.6702
2005-03-10 10:00:00,1316.0,1105.0,511.0,1372.0,1828.0,11.7,49.3,0.6772
2005-03-10 11:00:00,1283.0,1039.0,549.0,1308.0,1724.0,14.7,41.2,0.6857
2005-03-10 12:00:00,1223.0,999.0,578.0,1258.0,1547.0,17.4,33.2,0.6535
2005-03-10 13:00:00,1176.0,969.0,612.0,1196.0,1300.0,18.8,26.2,0.5637
2005-03-10 14:00:00,1041.0,945.0,692.0,1082.0,1000.0,19.1,18.1,0.3955
2005-03-10 15:00:00,1008.0,946.0,705.0,1016.0,942.0,19.5,15.3,0.3431
2005-03-10 16:00:00,962.0,807.0,821.0,901.0,745.0,20.2,14.4,0.337
2005-03-10 17:00:00,1048.0,925.0,721.0,1022.0,941.0,19.8,16.0,0.3632
2005-03-10 18:00:00,1145.0,1074.0,593.0,1186.0,1232.0,16.5,21.6,0.4012
2005-03-10 19:00:00,1198.0,1291.0,531.0,1295.0,1527.0,14.5,18.3,0.2996
2005-03-10 20:00:00,1319.0,1399.0,497.0,1458.0,1746.0,12.8,22.8,0.3364
2005-03-10 21:00:00,1274.0,1136.0,547.0,1233.0,1741.0,11.5,35.9,0.4862
2005-03-10 22:00:00,1085.0,882.0,705.0,985.0,1433.0,9.5,34.6,0.411
2005-03-10 23:00:00,1017.0,760.0,806.0,922.0,1235.0,8.3,38.2,0.4203
2005-03-11 00:00:00,1039.0,774.0,786.0,949.0,1173.0,7.7,41.7,0.4387
2005-03-11 01:00:00,1027.0,751.0,798.0,936.0,1171.0,6.8,44.9,0.4472
2005-03-11 02:00:00,952.0,662.0,905.0,887.0,1024.0,5.7,49.4,0.4551
2005-03-11 03:00:00,930.0,609.0,968.0,864.0,928.0,5.7,50.1,0.4629
2005-03-11 04:00:00,942.0,665.0,923.0,912.0,956.0,4.4,56.4,0.4761
2005-03-11 05:00:00,897.0,594.0,999.0,870.0,871.0,4.9,55.2,0.4807
2005-03-11 06:00:00,928.0,631.0,985.0,908.0,884.0,4.5,56.3,0.48
2005-03-11 07:00:00,987.0,738.0,833.0,957.0,1010.0,3.8,59.7,0.4839
2005-03-11 08:00:00,1272.0,1111.0,563.0,1279.0,1416.0,4.3,58.6,0.4915
2005-03-11 09:00:00,1452.0,1370.0,445.0,1581.0,1817.0,7.1,50.0,0.5067
2005-03-11 10:00:00,1415.0,1278.0,483.0,1399.0,1870.0,11.1,38.4,0.5066
2005-03-11 11:00:00,0.0,0.0,0.0,0.0,0.0,0.0,0.0,0.0
2005-03-11 12:00:00,1203.0,951.0,618.0,1162.0,1305.0,17.2,30.6,0.5949
2005-03-11 13:00:00,1258.0,1052.0,551.0,1297.0,1205.0,17.8,33.3,0.6741
2005-03-11 14:00:00,1328.0,1123.0,508.0,1404.0,1339.0,18.8,31.8,0.6853
2005-03-11 15:00:00,1260.0,1059.0,544.0,1319.0,1161.0,19.3,29.9,0.6604
2005-03-11 16:00:00,1201.0,985.0,585.0,1252.0,996.0,18.8,31.5,0.6752
2005-03-11 17:00:00,1161.0,992.0,601.0,1211.0,906.0,18.2,28.1,0.5817
2005-03-11 18:00:00,1254.0,1112.0,533.0,1349.0,1161.0,16.0,35.3,0.6356
2005-03-11 19:00:00,1452.0,1381.0,428.0,1661.0,1695.0,13.8,43.6,0.6825
2005-03-11 20:00:00,1438.0,1374.0,435.0,1640.0,1705.0,12.9,48.8,0.725
2005-03-11 21:00:00,1273.0,1096.0,553.0,1350.0,1379.0,12.8,49.3,0.7277
2005-03-11 22:00:00,1096.0,850.0,690.0,1146.0,943.0,12.2,50.9,0.7202
2005-03-11 23:00:00,1151.0,813.0,702.0,1156.0,1073.0,10.6,55.9,0.7138
2005-03-12 00:00:00,1189.0,797.0,688.0,1157.0,1213.0,10.3,55.9,0.7014
2005-03-12 01:00:00,1078.0,704.0,765.0,1077.0,898.0,10.2,55.8,0.6927
2005-03-12 02:00:00,1152.0,759.0,706.0,1113.0,1094.0,10.0,57.3,0.7015
2005-03-12 03:00:00,1128.0,740.0,705.0,1113.0,1064.0,10.2,57.9,0.7191
2005-03-12 04:00:00,1015.0,608.0,873.0,1027.0,655.0,10.3,59.4,0.7459
